subject,school,grade,code,content
과학,고등학교,1학년,10과탐01-01,"과학사에서 패러다임의 전환을 가져온 결정적 실험을 따라해 보고, 과학의 발전 과정에 대해 설명할 수 있다."
과학,고등학교,1학년,10과탐01-02,"과학사에서 우연한 발견으로 이루어진 탐구 실험을 수행하고, 그 과정에서 발견되는 과학의 본성을 설명할 수 있다."
과학,고등학교,1학년,10과탐01-03,"직접적인 관찰을 통한 탐구를 수행하고, 귀납적 탐구 방법을 설명할 수 있다."
과학,고등학교,1학년,10과탐01-04,"가설 설정을 포함한 과학사의 대표적인 탐구 실험을 수행하고, 연역적 탐구 방법의 특징을 설명할 수 있다."
과학,고등학교,1학년,10과탐02-01,생활 제품 속에 담긴 과학 원리를 파악할 수 있는 실험을 통해 실생활에 적용되는 과학 원리를 설명할 수 있다.
과학,고등학교,1학년,10과탐02-02,"영화, 건축, 요리, 스포츠, 미디어 등 생활과 관련된 다양한 분야에 적용된 과학 원리를 알아보는 실험을 통해 과학의 유용성을 설명할 수 있다."
과학,고등학교,1학년,10과탐02-03,과학 원리를 활용한 놀이 체험을 통해 과학의 즐거움을 느낄 수 있다.
과학,고등학교,1학년,10과탐02-04,"흥미와 호기심을 갖고 과학 탐구에 참여하고, 분야 간 협동 연구 등을 통해 협력적 탐구 활동을 수행하며, 도출한 결과를 증거에 근거하여 해석하고 평가할 수 있다."
과학,고등학교,1학년,10과탐02-05,"탐구 활동 과정에서 지켜야 할 생명 존중, 연구 진실성, 지식 재산권 존중 등과 같은 연구 윤리와 함께 안전 사항을 준수할 수 있다."
과학,고등학교,1학년,10과탐02-06,과학 관련 현상 및 사회적 이슈에서 과학 탐구 문제를 발견할 수 있다.
과학,고등학교,1학년,10과탐02-07,생활 속에서 발견한 문제 상황 해결을 위한 과학 탐구 활동 계획을 수립하고 탐구 활동을 수행할 수 있다.
과학,고등학교,1학년,10과탐02-08,탐구 수행으로 얻은 정성적 혹은 정량적 데이터를 분석하고 그 결과를 다양하게 표상하고 소통할 수 있다.
과학,고등학교,1학년,10과탐02-09,"과학의 핵심 개념을 적용하여 실생활 문제를 해결하거나, 탐구에 필요한 도구를 창의적으로 설계하고 제작할 수 있다."
과학,고등학교,1학년,10과탐03-01,첨단 과학기술 속의 과학 원리를 찾아내는 탐구 활동을 통해 과학 지식이 활용된 사례를 추론할 수 있다.
과학,고등학교,1학년,10과탐03-02,첨단 과학기술 및 과학 원리가 적용된 과학 탐구 활동의 산출물을 공유하고 확산하기 위해 발표 및 홍보할 수 있다.
과학,초등학교,3학년,4과01-01,서로 다른 물질로 만들어진 물체들을 비교하여 물체의 기능과 물질의 성질을 관련지을 수 있다.
과학,초등학교,3학년,4과01-02,크기와 모양은 같지만 서로 다른 물질로 이루어진 물체들은 관찰하여 물질의 여러 가지 성질을 비교할 수 있다.
과학,초등학교,3학년,4과01-03,서로 다른 물질을 섞었을 때 물질을 섞기 전과 후의 변화를 관찰하여 어떤 성질이 달라졌는지 설명할 수 있다.
과학,초등학교,3학년,4과01-04,여러 가지 물질을 선택하여 다양한 물체를 설계하고 장단점을 토의할 수 있다.
과학,초등학교,3학년,4과02-01,여러 가지 동물을 관찰하여 특징에 따라 동물을 분류할 수 있다.
과학,초등학교,3학년,4과02-02,다양한 환경에 서식하는 동물을 조사하여 동물의 생김새와 생활 방식이 환경과 관련되어 있음을 설명할 수 있다.
과학,초등학교,3학년,4과02-03,동물의 특징을 이용하여 일상생활에서 활용할 수 있는 생활용품을 설계하여 협력적으로 소통할 수 있다.
과학,초등학교,3학년,4과03-01,여러 가지 동물을 관찰하여 특징에 따라 동물을 분류할 수 있다.
과학,초등학교,3학년,4과03-02,동물의 생김새와 생활 방식이 환경과 관련되어 있음을 설명할 수 있다.
과학,초등학교,3학년,4과03-03,동물의 특징을 모방하여 생활 속에서 활용하고 있는 사례를 발표할 수 있다.
과학,초등학교,3학년,4과04-01,"동물의 한살이를 직접 관찰하고, 관찰한 내용을 글과 그림으로 표현할 수 있다."
과학,초등학교,3학년,4과04-02,흙의 생성 과정을 모형을 통해 설명할 수 있다.
과학,초등학교,3학년,4과04-03,생물의 한살이 과정을 조사하여 생물에 따라 한살이의 유형이 다양함을 소개하는 자료를 만들어 공유할 수 있다.
과학,초등학교,3학년,4과05-01,"물체를 이루는 여러 가지 물질의 성질을 비교하고, 물질의 종류에 따라 물체를 분류할 수 있다."
과학,초등학교,3학년,4과05-02,"물질의 세 가지 상태인 고체, 액체, 기체의 성질을 관찰하여 비교할 수 있다."
과학,초등학교,3학년,4과05-03,다양한 물질의 성질을 이용하여 쓰임새 있는 물체를 설계할 수 있다.
과학,초등학교,3학년,4과06-01,"지구가 대기로 둘러싸여 있음을 알고, 지구 표면을 구성하는 육지와 바다의 특징을 비교할 수 있다."
과학,초등학교,3학년,4과06-02,"바닷물의 특징을 육지의 물과 비교하고, 바닷가에서 볼 수 있는 다양한 지형을 조사할 수 있다."
과학,초등학교,4학년,4과06-03,화석의 생성 과정을 이해하고 화석을 관찰하여 지구의 과거 생물과 환경을 추리할 수 있다.
과학,초등학교,3학년,4과07-01,여러 가지 물체를 이용하여 소리를 내보고 소리가 나는 물체는 떨림이 있음을 설명할 수 있다.
과학,초등학교,3학년,4과07-02,"큰 소리와 작은 소리, 높은 소리와 낮은 소리를 구분하고, 세기와 높낮이가 다른 소리를 낼 수 있다."
과학,초등학교,3학년,4과07-03,"여러 가지 물질을 통하여 소리가 전달되는 것을 관찰하고, 소음을 줄이는 방법을 찾아 일상생활에서 실천할 수 있다."
과학,초등학교,3학년,4과07-04,"우리 주변의 물질을 고체, 액체, 기체로 분류할 수 있다."
과학,초등학교,3학년,4과08-01,여러 가지 물체에서 소리가 나는 현상을 관찰하여 소리가 나는 물체는 떨림이 있음을 설명할 수 있다.
과학,초등학교,3학년,4과08-02,소리의 세기와 높낮이를 비교할 수 있다.
과학,초등학교,3학년,4과08-03,여러 가지 물체를 통하여 소리가 전달되거나 반사됨을 관찰하고 소음을 줄이는 방법을 토의할 수 있다.
과학,초등학교,4학년,4과09-01,"일상생활에서 물체의 무게를 측정하는 예를 조사하고, 무게 측정이 필요한 이유를 설명할 수 있다."
과학,초등학교,3학년,4과09-02,자석과 자석을 가까이했을 때 나타나는 현상을 관찰하여 그 특징을 자석의 극과 관련지어 설명할 수 있다.
과학,초등학교,3학년,4과09-03,자석을 이용하여 일상생활을 편리하게 하는 장치를 설계할 수 있다.
과학,초등학교,4학년,4과09-04,간단한 저울을 설계하여 제작하고 그 결과물을 평가할 수 있다.
과학,초등학교,3학년,4과10-01,"동물의 암· 수에 따른 특징을 동물별로 비교해보고, 번식 과정에서 암· 수의 역할이 다양함을 설명할 수 있다."
과학,초등학교,3학년,4과10-02,"동물의 한살이 관찰 계획을 세우고, 동물을 기르면서 한살이를 관찰하며, 관찰한 내용을 글과 그림으로 표현할 수 있다."
과학,초등학교,3학년,4과10-03,여러 가지 동물의 한살이 과정을 조사하여 동물에 따라 한살이의 유형이 다양함을 설명할 수 있다.
과학,초등학교,3학년,4과11-01,흐르는 물의 작용과 강 주변 지형의 특징을 관련지을 수 있다.
과학,초등학교,4학년,4과11-02,"화산의 의미와 화산 활동으로 나오는 물질을 알고, 화산 활동을 모형으로 표현할 수 있다."
과학,초등학교,4학년,4과11-03,화성암을 관찰하고 분류할 수 있다.
과학,초등학교,4학년,4과11-04,"화산 활동과 지진이 우리 생활에 미치는 영향을 조사하여, 대처 방법을 실천할 수 있다."
과학,초등학교,4학년,4과12-01,일상생활에서 혼합물의 예를 찾고 혼합물 분리의 필요성을 설명할 수 있다.
과학,초등학교,4학년,4과12-02,알갱이의 크기와 자석에 붙는 성질을 이용하여 고체 혼합물을 분리할 수 있다.
과학,초등학교,4학년,4과12-03,거름 장치를 꾸며 물에 녹는 물질과 녹지 않는 물질의 혼합물을 분리할 수 있다.
과학,초등학교,4학년,4과12-04,물을 증발시켜 물에 녹아 있는 고체 물질을 분리할 수 있다.
과학,초등학교,3학년,4과13-01,"달의 모양과 표면, 달의 위상변화를 관찰하여 밤하늘 관찰에 흥미를 가질 수 있다."
과학,초등학교,4학년,4과13-02,식물의 한살이 관찰 계획을 세워 식물을 기르면서 한살이를 관찰할 수 있다.
과학,초등학교,4학년,4과13-03,여러 가지 식물의 한살이 과정을 조사하여 식물에 따라 한살이의 유형이 다양함을 설명할 수 있다.
과학,초등학교,4학년,4과14-01,"물이 수증기나 얼음으로 변할 수 있음을 알고, 물이 얼 때와 얼음이 녹을 때의 부피와 무게 변화를 관찰할 수 있다."
과학,초등학교,4학년,4과14-02,"물이 증발할 때와 끓을 때의 변화를 관찰하여 차이점을 알고, 이와 관련된 예를 우리 주변에서 찾을 수 있다."
과학,초등학교,4학년,4과14-03,"수증기가 응결하는 현상을 관찰하고, 이와 관련된 예를 우리 주변에서 찾을 수 있다."
과학,초등학교,4학년,4과15-01,여러 가지 물체의 그림자를 관찰하여 그림자가 생기는 원리를 설명할 수 있다.
과학,초등학교,4학년,4과15-02,전등과 물체 사이의 거리에 따른 그림자의 크기 변화를 관찰하여 서술할 수 있다.
과학,초등학교,4학년,4과15-03,물체와 평면거울에 비친 모습을 비교하여 거울의 성질을 설명할 수 있다.
과학,초등학교,4학년,4과15-04,일상생활에서 거울을 이용하는 예를 조사하고 거울의 성질과 관련지어 그 기능을 설명할 수 있다.
과학,초등학교,3학년,4과16-01,지구와 관련된 자료를 조사하여 모양과 표면의 모습을 설명할 수 있다.
과학,초등학교,3학년,4과16-02,육지와 비교하여 바다의 특징을 설명할 수 있다.
과학,초등학교,3학년,4과16-03,지구 주위를 둘러싸고 있는 공기의 역할을 예를 들어 설명할 수 있다.
과학,초등학교,3학년,4과16-04,"달을 조사하여 모양, 표면, 환경을 이해하고 지구와 달을 비교할 수 있다."
과학,초등학교,4학년,4과17-01,"물이 이동하거나 상태가 변하면서 순환하는 과정을 생명체, 지표면, 공기 사이에서 일어나는 다양한 현상과 관련지어 설명할 수 있다."
과학,초등학교,4학년,4과17-02,물의 중요성을 알고 물 부족 현상을 해결하기 위해 창의적 방법을 활용한 사례를 조사할 수 있다.
과학,초등학교,4학년,6과01-01,"지층의 특징을 알고, 지층의 형성 과정을 모형으로 표현할 수 있다."
과학,초등학교,4학년,6과01-02,"지층이 퇴적암으로 이루어짐을 알고, 퇴적암을 알갱이의 크기에 따라 분류할 수 있다."
과학,초등학교,4학년,6과01-03,"화석의 생성 과정을 모형으로 설명하고, 지구의 과거 생물과 환경을 추리하는 활동을 통해 화석의 가치를 인식할 수 있다."
과학,초등학교,5학년,6과01-04,액체나 기체에서 대류 현상을 관찰하고 대류 현상에서 열의 이동을 설명할 수 있다.
과학,초등학교,5학년,6과02-01,태양이 지구의 에너지원임을 이해하고 태양계를 구성하는 태양과 행성을 조사할 수 있다.
과학,초등학교,4학년,6과02-02,"빛이 나아가는 현상을 관찰하여 빛이 직진, 반사, 굴절하는 성질이 있음을 말할 수 있다."
과학,초등학교,4학년,6과02-03,거울과 렌즈의 쓰임새를 조사하고 거울이나 렌즈를 이용한 장치를 창의적으로 만들 수 있다.
과학,초등학교,5학년,6과03-01,"용해 현상의 의미를 알고, 용질의 종류와 물의 온도에 따라 물에 녹는 용질의 양이 달라짐을 비교할 수 있다."
과학,초등학교,5학년,6과03-02,"용질이나 용매의 양에 따라 용액의 진하기가 달라짐을 관찰하고, 용액의 상대적인 진하기를 비교할 수 있다."
과학,초등학교,5학년,6과03-03,물의 온도에 따라 용질의 녹는 양이 달라짐을 실험할 수 있다.
과학,초등학교,5학년,6과03-04,용액의 진하기를 상대적으로 비교하는 방법을 고안할 수 있다.
과학,초등학교,5학년,6과04-01,동물과 식물 이외의 생물을 조사하여 생물의 종류와 특징을 설명할 수 있다.
과학,초등학교,5학년,6과04-02,다양한 생물이 우리 생활에 미치는 긍정적인 영향과 부정적인 영향에 대해 토의할 수 있다.
과학,초등학교,4학년,6과05-01,알갱이의 크기가 다른 고체 혼합물과 골고루 섞이지 않는 액체 혼합물을 분리할 수 있다.
과학,초등학교,4학년,6과05-02,"물에 용해되는 성질을 이용하여 고체 혼합물을 분리하고, 물을 증발시켜 물에 용해된 고체 물질을 분리할 수 있다."
과학,초등학교,5학년,6과05-03,생태계 보전의 필요성을 인식하고 생태계 보전을 위해 우리가 할 수 있는 일에 대해 토의할 수 있다.
과학,초등학교,5학년,6과06-01,"기상 요소를 조사하고, 날씨가 우리 생활에 주는 영향을 인식할 수 있다."
과학,초등학교,5학년,6과06-02,"이슬, 안개, 구름을 관찰하고, 공통점과 차이점을 찾을 수 있다."
과학,초등학교,5학년,6과06-03,고기압과 저기압의 분포에 따른 날씨의 특징을 기상 요소로 표현할 수 있다.
과학,초등학교,5학년,6과06-04,계절별 날씨의 특징을 우리나라에 영향을 주는 공기의 성질과 관련지을 수 있다.
과학,초등학교,5학년,6과07-01,"물체의 따뜻하고 차가운 정도를 온도로 표현함을 알고, 온도계를 이용하여 온도를 측정할 수 있다."
과학,초등학교,5학년,6과07-02,온도가 다른 두 물체가 접촉했을 때 두 물체의 온도 변화를 관찰하고 그 원인을 추리할 수 있다.
과학,초등학교,5학년,6과07-03,주위에서 열의 이동으로 나타나는 현상을 관찰하여 열의 이동 방식이 다양함을 설명할 수 있다.
과학,초등학교,5학년,6과07-04,"일상생활에서 단열을 이용하는 사례를 조사하고, 온도를 오랫동안 일정하게 유지할 수 있는 장치를 창의적으로 만들 수 있다."
과학,초등학교,5학년,6과08-01,우리 주변에서 볼 수 있는 여러 가지 용액을 다양한 기준으로 분류할 수 있다.
과학,초등학교,5학년,6과08-02,지시약을 이용하여 여러 가지 용액을 산성 용액과 염기성 용액으로 분류할 수 있다.
과학,초등학교,5학년,6과08-03,"산성 용액과 염기성 용액의 여러 가지 성질을 비교하고, 산성 용액과 염기성 용액을 섞었을 때의 변화를 관찰할 수 있다."
과학,초등학교,5학년,6과08-04,우리 생활에서 산성 용액과 염기성 용액을 이용하는 예를 찾아 발표할 수 있다.
과학,초등학교,5학년,6과09-01,여러 가지 용액에 지시약을 넣었을 때의 변화를 관찰하여 용액을 산성 용액과 염기성 용액으로 분류할 수 있다.
과학,초등학교,5학년,6과09-02,"산성 용액과 염기성 용액의 성질을 관찰하고, 산성 용액과 염기성 용액을 섞을 때 용액의 성질 변화를 실험을 통해 추론할 수 있다."
과학,초등학교,5학년,6과09-03,우리 주변에서 산성 용액과 염기성 용액을 이용하는 예를 찾아서 설명할 수 있다.
과학,초등학교,5학년,6과10-01,운동하는 물체는 시간에 따라 위치가 변화함을 알고 그 변화를 표현할 수 있다.
과학,초등학교,5학년,6과10-02,물체의 이동 거리와 걸린 시간을 측정하여 속력을 구하고 빠르기를 비교할 수 있다.
과학,초등학교,5학년,6과10-03,속력과 관련된 안전 수칙과 안전장치를 조사한 결과를 공유하고 일상생활에서 교통안전을 실천할 수 있다.
과학,초등학교,6학년,6과11-01,생물을 이루고 있는 기본 단위인 세포를 현미경으로 관찰할 수 있다.
과학,초등학교,6학년,6과11-02,"식물의 각 기관의 구조를 관찰하고, 기능을 알아보는 실험을 수행하여 식물 각 기관의 구조와 기능을 설명할 수 있다."
과학,초등학교,6학년,6과11-03,볼록 렌즈를 이용하여 물체의 모습을 관찰하고 볼록 렌즈의 쓰임새를 조사할 수 있다.
과학,초등학교,6학년,6과12-01,하루 동안 태양과 별을 관찰하여 위치 변화의 규칙성을 찾을 수 있다.
과학,초등학교,6학년,6과12-02,"식물의 전체적인 구조 관찰과 실험을 통해 뿌리, 줄기, 잎, 꽃의 구조와 기능을 설명할 수 있다."
과학,초등학교,6학년,6과12-03,"지구의 공전을 알고, 계절에 따라 달라지는 별자리를 관찰할 수 있다."
과학,초등학교,6학년,6과13-01,"태양 고도 측정기로 하루 동안 태양 고도, 그림자 길이, 기온을 측정하여 이들의 관계를 찾을 수 있다."
과학,초등학교,6학년,6과13-02,계절에 따른 태양의 남중 고도와 낮의 길이 사이의 관계를 자료에 근거하여 추론할 수 있다.
과학,초등학교,6학년,6과13-03,계절 변화의 원인을 지구의 자전축이 기울어진 채 공전하는 것으로 설명할 수 있다.
과학,초등학교,6학년,6과13-04,전자석을 만들어 영구 자석과 전자석을 비교하여 일상생활에서 전자석이 사용되는 예를 조사할 수 있다.
과학,초등학교,6학년,6과14-01,"하루 동안 태양의 고도, 그림자 길이, 기온을 측정하여 이들 사이의 관계를 찾을 수 있다."
과학,초등학교,6학년,6과14-02,"물질이 연소할 때 나타나는 공통적인 현상을 관찰하고, 연소의 조건을 찾을 수 있다."
과학,초등학교,6학년,6과14-03,연소 전과 후의 물질을 비교하여 연소 과정에서 물질의 성질이 달라짐을 설명할 수 있다.
과학,초등학교,6학년,6과15-01,"전지와 전구, 전선을 연결하여 전구에 불을 켜보고, 불이 켜지는 전기 회로의 특징을 말할 수 있다."
과학,초등학교,6학년,6과15-02,전지 한 개를 연결한 전기 회로와 전지 두 개를 직렬연결한 전기 회로의 특징을 비교할 수 있다.
과학,초등학교,6학년,6과15-03,전자석을 만들어 전자석의 성질을 탐색하고 전자석이 사용되는 예를 조사할 수 있다.
과학,초등학교,6학년,6과15-04,전기를 효율적이고 안전하게 사용하는 방법을 조사하여 실천 계획을 세우고 일상생활에서 실천할 수 있다.
과학,초등학교,6학년,6과16-01,뼈와 근육의 생김새와 기능을 이해하여 몸이 움직이는 원리를 설명할 수 있다.
과학,초등학교,6학년,6과16-02,"소화, 순환, 호흡, 배설 기관의 종류, 위치, 생김새, 기능을 설명할 수 있다."
과학,초등학교,6학년,6과16-03,"감각 기관의 종류, 위치, 생김새, 기능을 알고 자극이 전달되는 과정을 설명할 수 있다."
과학,초등학교,6학년,6과16-04,운동할 때 우리 몸에서 나타나는 변화를 관찰하여 우리 몸의 여러 기관이 서로 관련되어 있음을 설명할 수 있다.
과학,초등학교,6학년,6과17-01,"생물이 살아가거나 기계를 움직이는 데 에너지가 필요함을 알고, 이때 이용하는 에너지의 형태를 조사할 수 있다."
과학,초등학교,6학년,6과17-02,"자연 현상이나 일상생활의 예를 통해 에너지의 형태가 전환됨을 알고, 에너지를 효율적으로 사용하는 방법을 토의할 수 있다."
과학,중학교,1학년,9과01-01,"지구계의 구성 요소를 알고, 지권의 층상 구조와 그 특징을 설명할 수 있다."
과학,중학교,1학년,9과01-02,"지각을 이루는 암석을 생성 과정에 따라 분류할 수 있으며, 암석의 순환 과정을 설명할 수 있다."
과학,중학교,1학년,9과01-03,"조암 광물의 주요 특성을 관찰하고, 암석이 다양한 광물로 구성되어 있음을 설명할 수 있다."
과학,중학교,1학년,9과01-04,"풍화 과정을 이해하고, 토양 생성 과정을 풍화 작용의 예로 설명할 수 있다."
과학,중학교,1학년,9과01-05,대륙이동설을 이해하고 지진과 화산이 발생하는 지역의 분포를 판의 경계와 관련지어 설명할 수 있다.
과학,중학교,1학년,9과02-01,"무게가 중력의 크기임을 알고, 질량과 무게를 구별할 수 있다."
과학,중학교,1학년,9과02-02,"일상생활에서 물체의 탄성을 이용하는 예를 조사하고, 그 예를 통하여 탄성력의 특징을 설명할 수 있다."
과학,중학교,1학년,9과02-03,"물체의 운동을 방해하는 원인으로써 마찰력을 알고, 빗면 실험을 통해 마찰력의 크기를 정성적으로 비교할 수 있다."
과학,중학교,1학년,9과02-04,기체나 액체 속에 있는 물체에 부력이 작용함을 알고 용수철저울을 사용하여 부력의 크기를 측정할 수 있다.
과학,중학교,1학년,9과03-01,"생물의 다양성을 이해하고, 변이의 관점에서 환경과 생물다양성의 관계를 설명할 수 있다."
과학,중학교,1학년,9과03-02,생물 종의 개념과 분류 체계를 이해하고 생물을 계 수준에서 분류할 수 있다.
과학,중학교,1학년,9과03-03,"생물다양성 보전의 필요성을 이해하고, 생물다양성 유지를 위한 활동 사례를 조사하여 발표할 수 있다."
과학,중학교,1학년,9과04-01,"기체의 확산과 증발 현상을 관찰하여 입자가 운동하고 있음을 알고, 이를 입자 모형으로 표현할 수 있다."
과학,중학교,1학년,9과04-02,기체의 압력을 입자의 운동으로 설명할 수 있다.
과학,중학교,1학년,9과04-03,"기체의 압력과 부피의 관계를 입자 모형으로 해석하고, 이와 관련된 실생활의 예를 찾을 수 있다."
과학,중학교,1학년,9과04-04,"기체의 온도와 부피의 관계를 입자 모형으로 해석하고, 이와 관련된 실생활의 예를 찾을 수 있다."
과학,중학교,1학년,9과05-01,물질의 세 가지 상태의 특징을 설명하고 이를 입자 모형으로 표현할 수 있다.
과학,중학교,1학년,9과05-02,"여러 가지 물질의 상태 변화를 관찰하고, 상태 변화 시 나타나는 현상을 입자 모형으로 설명할 수 있다."
과학,중학교,1학년,9과05-03,"상태 변화가 일어날 때의 온도 변화에 대한 자료를 해석하여 녹는점, 어는점, 끓는점을 찾을 수 있다."
과학,중학교,1학년,9과05-04,"상태 변화와 열에너지의 관계를 이해하고, 상태 변화 과정에서 출입하는 열에너지가 생활에 이용되는 사례를 찾고 설명할 수 있다."
과학,중학교,1학년,9과06-01,물체를 보는 과정을 빛의 경로를 이용하여 표현할 수 있다.
과학,중학교,1학년,9과06-02,"물체의 색이 빛의 삼원색으로 합성됨을 관찰하고, 영상 장치에서 색이 표현되는 원리를 설명할 수 있다."
과학,중학교,1학년,9과06-03,"여러 가지 거울과 렌즈를 통해 나타나는 상을 관찰하여 상의 특징을 비교하고, 평면거울에서 상이 생기는 원리를 설명할 수 있다."
과학,중학교,1학년,9과06-04,"파동의 종류를 횡파와 종파로 구분하고, 소리의 특징을 진폭, 진동수, 파형으로 설명할 수 있다."
과학,중학교,1학년,9과07-01,"과학과 관련된 직업의 종류와 하는 일을 조사하고, 그 직업에 필요한 역량에 대해 토의할 수 있다."
과학,중학교,1학년,9과07-02,"현대 사회의 다양한 직업이 과학과 어떤 관련성이 있는지 예를 들어 설명하고, 미래 사회에서의 직업의 변화를 토의할 수 있다."
과학,중학교,2학년,9과08-01,모든 물질은 원소로 이루어져 있음을 이해하고 실험을 통해 원소의 종류를 구별할 수 있다.
과학,중학교,2학년,9과08-02,원자는 원자핵과 전자로 구성됨을 설명할 수 있다.
과학,중학교,2학년,9과08-03,"원자와 분자의 개념을 구별하고, 원소와 분자를 원소 기호로 나타낼 수 있다."
과학,중학교,2학년,9과08-04,"이온의 형성 과정을 모형과 이온식으로 표현하고, 이온이 전하를 띠고 있음을 설명할 수 있다."
과학,중학교,2학년,9과09-01,물체가 대전되는 현상이나 정전기 유도 현상을 관찰하고 그 과정을 전기력과 원자 모형을 이용하여 설명할 수 있다.
과학,중학교,2학년,9과09-02,전기 회로에서 전지의 전압이 전자를 지속적으로 이동하게 하여 전류를 형성함을 모형으로 설명할 수 있다.
과학,중학교,2학년,9과09-03,"저항, 전류, 전압 사이의 관계를 실험을 통해 이해하고, 일상생활에서 저항의 직렬연결과 병렬연결의 쓰임새를 조사하여 비교할 수 있다"
과학,중학교,2학년,9과09-04,전류의 자기 작용을 관찰하고 자기장 안에 놓인 전류가 흐르는 코일이 받는 힘을 이용하여 전동기의 원리를 설명할 수 있다.
과학,중학교,2학년,9과10-01,지구와 달의 크기를 측정하는 방법을 알고 그 크기를 구할 수 있다.
과학,중학교,2학년,9과10-02,지구 자전에 의한 천체의 겉보기 운동과 지구 공전에 의한 별자리 변화를 설명할 수 있다.
과학,중학교,2학년,9과10-03,달의 위상 변화와 일식과 월식을 설명할 수 있다.
과학,중학교,2학년,9과10-04,"태양계를 구성하는 행성의 특징을 알고, 목성형 행성과 지구형 행성으로 구분할 수 있다."
과학,중학교,2학년,9과10-05,"태양 표면과 대기의 특징을 알고, 태양의 활동이 지구에 미치는 영향에 대해 설명할 수 있다."
과학,중학교,2학년,9과11-01,"식물이 생명 활동에 필요한 에너지를 얻기 위해 양분을 만드는 광합성 과정을 이해하고, 광합성에 영향을 미치는 요인을 설명할 수 있다."
과학,중학교,2학년,9과11-02,"광합성에 필요한 물의 이동과 증산 작용의 관계를 이해하고, 잎의 증산 작용을 광합성과 관련지어 설명할 수 있다."
과학,중학교,2학년,9과11-03,"식물의 호흡을 이해하고, 광합성과의 관계를 설명할 수 있다."
과학,중학교,2학년,9과11-04,"광합성 산물의 생성, 저장, 사용 과정을 모형으로 표현할 수 있다."
과학,중학교,2학년,9과12-01,생물의 유기적 구성 단계를 설명할 수 있다.
과학,중학교,2학년,9과12-02,음식물이 소화되어 영양소가 흡수되는 과정을 소화 효소의 작용과 관련지어 설명할 수 있다.
과학,중학교,2학년,9과12-03,"순환계의 구조와 기능을 이해하고, 혈액의 순환 경로를 나타낼 수 있다."
과학,중학교,2학년,9과12-04,"호흡 기관의 구조와 기능을 이해하고, 호흡 운동의 원리를 모형을 사용하여 설명할 수 있다."
과학,중학교,2학년,9과12-05,"배설 기관의 구조와 기능을 알고, 노폐물이 배설되는 과정을 표현할 수 있다."
과학,중학교,2학년,9과12-06,"동물이 세포 호흡을 통해 에너지를 얻는 과정을 소화, 순환, 호흡, 배설과 관련지어 설명할 수 있다."
과학,중학교,2학년,9과13-01,우리 주변에서 볼 수 있는 여러 물질들을 순물질과 혼합물로 구별할 수 있다.
과학,중학교,2학년,9과13-02,"밀도, 용해도, 녹는점, 어는점, 끓는점이 물질의 특성이 될 수 있음을 설명할 수 있다."
과학,중학교,2학년,9과13-03,"끓는점 차를 이용한 증류의 방법을 이해하고, 우리 주변에서 사용되는 예를 찾아 설명할 수 있다."
과학,중학교,2학년,9과13-04,"밀도 차를 이용하여 고체 혼합물 또는 섞이지 않는 액체 혼합물을 분리하는 방법을 이해하고, 우리 주변에서 사용되는 예를 찾아 설명할 수 있다."
과학,중학교,2학년,9과13-05,"재결정, 크로마토그래피를 이용한 혼합물 분리 방법을 이해하고, 이를 활용하는 예를 찾아 설명할 수 있다."
과학,중학교,2학년,9과14-01,"수권에서 해수, 담수, 빙하의 분포와 활용 사례를 조사하고, 자원으로서 물의 가치에 대해 토론할 수 있다."
과학,중학교,2학년,9과14-02,해수의 연직 수온 분포와 염분비 일정 법칙을 통해 해수의 특성을 설명할 수 있다.
과학,중학교,2학년,9과14-03,우리나라 주변 해류의 종류와 특성을 알고 조석 현상에 대한 자료를 해석할 수 있다.
과학,중학교,2학년,9과15-01,"물체의 온도 차이를 구성 입자의 운동 모형으로 이해하고, 열의 이동 방법과 냉난방 기구의 효율적 사용에 대하여 조사하고 토의할 수 있다."
과학,중학교,2학년,9과15-02,온도가 다른 두 물체가 열평형에 도달하는 과정을 시간-온도 그래프를 이용하여 설명할 수 있다.
과학,중학교,2학년,9과15-03,"물질에 따라 비열과 열팽창 정도가 다름을 탐구를 통해 알고, 이를 활용한 예를 설명할 수 있다."
과학,중학교,2학년,9과16-01,"재해?재난 사례와 관련된 자료를 조사하고, 그 원인과 피해에 대해 과학적으로 분석할 수 있다."
과학,중학교,2학년,9과16-02,과학적 원리를 이용하여 재해?재난에 대한 대처 방안을 세울 수 있다.
과학,중학교,3학년,9과17-01,"물리 변화와 화학 변화의 차이를 알고, 일상생활에서 물리 변화와 화학 변화의 예를 찾을 수 있다."
과학,중학교,3학년,9과17-02,"간단한 화학 반응을 화학 반응식으로 표현하고, 화학 반응식에서 계수의 비를 입자 수의 비로 해석할 수 있다."
과학,중학교,3학년,9과17-03,"질량 보존 법칙을 이해하고, 이를 모형을 사용하여 설명할 수 있다."
과학,중학교,3학년,9과17-04,화합물을 구성하는 성분 원소의 질량에 관한 자료를 해석하여 일정 성분비 법칙을 설명할 수 있다.
과학,중학교,3학년,9과17-05,"기체 반응 법칙을 이해하고, 이를 실험을 통해 확인할 수 있다."
과학,중학교,3학년,9과17-06,"화학 반응에서 에너지의 출입을 이해하고, 이를 활용한 장치를 설계할 수 있다."
과학,중학교,3학년,9과18-01,"기권의 층상 구조를 이해하고, 온실 효과와 지구 온난화를 복사 평형의 관점으로 설명할 수 있다."
과학,중학교,3학년,9과18-02,"상대 습도, 단열 팽창 및 응결 현상의 관계를 이해하고, 구름의 생성과 강수 과정을 모형으로 표현할 수 있다."
과학,중학교,3학년,9과18-03,"기압의 개념을 알고, 바람이 부는 이유를 설명할 수 있다."
과학,중학교,3학년,9과18-04,"기단과 전선의 개념을 이해하고, 일기도를 활용하여 저기압과 고기압의 날씨를 비교할 수 있다."
과학,중학교,3학년,9과19-01,"등속 운동하는 물체의 시간-거리, 시간-속력의 관계를 표현하고 설명할 수 있다."
과학,중학교,3학년,9과19-02,물체의 자유 낙하 운동을 분석하여 시간에 따른 속력의 변화가 일정함을 설명할 수 있다.
과학,중학교,3학년,9과19-03,"일의 의미를 알고, 자유 낙하하는 물체의 운동에서 중력이 한 일을 위치 에너지와 운동 에너지로 표현할 수 있다."
과학,중학교,3학년,9과20-01,"눈, 귀, 코, 혀, 피부 감각기의 구조와 기능을 이해하고 자극의 종류에 따라 감각기를 통해 뇌로 전달되는 과정을 설명할 수 있다."
과학,중학교,3학년,9과20-02,뉴런과 신경계의 구조와 기능을 이해하고 자극에 대한 반응 실험을 통해 자극의 종류에 따라 자극에서 반응이 일어나기까지의 과정을 표현할 수 있다.
과학,중학교,3학년,9과20-03,"우리 몸의 기능 조절에 호르몬이 관여함을 알고, 사례를 조사하여 발표할 수 있다."
과학,중학교,3학년,9과21-01,세포 분열을 개체의 성장과 관련지어 설명할 수 있다.
과학,중학교,3학년,9과21-02,"염색체와 유전자의 관계를 이해하고, 체세포 분열과 생식 세포 형성 과정의 특징을 염색체의 행동을 중심으로 설명할 수 있다."
과학,중학교,3학년,9과21-03,수정란으로부터 개체가 발생되는 과정을 모형으로 표현할 수 있다.
과학,중학교,3학년,9과21-04,"멘델 유전 실험의 의의와 원리를 이해하고, 원리가 적용되는 유전 현상을 조사하여 발표할 수 있다."
과학,중학교,3학년,9과21-05,"사람의 유전 형질과 유전 연구 방법을 알고, 사람의 유전 현상을 가계도를 이용하여 표현할 수 있다."
과학,중학교,3학년,9과22-01,위로 던져 올린 물체와 자유 낙하 물체의 운동에서 위치 에너지와 운동 에너지의 변화를 역학적 에너지 전환과 역학적 에너지 보존으로 예측할 수 있다.
과학,중학교,3학년,9과22-02,"자석의 운동에 의해 전류가 발생하는 현상을 관찰하고, 역학적 에너지가 전기 에너지로 전환됨을 설명할 수 있다."
과학,중학교,3학년,9과22-03,"가정에서 전기 에너지가 다양한 형태의 에너지로 전환되는 예를 들고, 이를 소비 전력과 관련지어 설명할 수 있다."
과학,중학교,3학년,9과23-01,"별의 거리를 구하는 방법을 알고, 별의 표면 온도를 색으로 비교할 수 있다."
과학,중학교,3학년,9과23-02,"우리은하의 모양, 크기, 구성 천체를 설명할 수 있다."
과학,중학교,3학년,9과23-03,우주가 팽창하고 있음을 모형으로 설명할 수 있다.
과학,중학교,3학년,9과23-04,우주 탐사의 의의와 인류에게 미치는 영향을 조사하여 발표할 수 있다.
과학,중학교,3학년,9과24-01,과학기술과 인류 문명의 관계를 이해하고 과학의 유용성에 대해 설명할 수 있다.
과학,중학교,3학년,9과24-02,과학을 활용하여 우리 생활을 보다 편리하게 만드는 방안을 고안하고 그 유용성에 대해 토론할 수 있다.
국어,고등학교,1학년,09-10국01-01,대화의 원리를 이해하고 상황과 대상에 맞게 언어 예절을 갖추어 말한다.
국어,고등학교,1학년,09-10국01-02,"비판적 듣기의 기준인 신뢰성, 타당성, 공정성을 이해하고, 상대의 주장을 평가하며 듣는다."
국어,고등학교,1학년,09-10국01-03,"매체 자료의 유형과 기능을 이해하고, 매체 자료를 효과적으로 활용하여 정보를 전달한다."
국어,고등학교,1학년,09-10국02-04,글의 의미를 구성하는 사고 과정으로서 독서의 특성을 이해한다.
국어,고등학교,1학년,09-10국02-05,여러 가지 독서 방법을 이해하고 상황에 맞는 독서 방법을 적용하여 글을 읽는다.
국어,고등학교,1학년,09-10국02-06,"독서의 목적과 상황, 독자의 흥미나 가치관 등을 고려하여 글을 스스로 선택하여 읽는 태도를 기른다."
국어,고등학교,1학년,09-10국03-07,글을 쓰는 데 필요한 작문의 과정과 관습을 이해한다.
국어,고등학교,1학년,09-10국03-08,작문 맥락에 대한 분석을 바탕으로 여러 가지 타당한 근거를 제시하여 주장하는 글을 쓴다.
국어,고등학교,1학년,09-10국03-09,글의 전달과 사회적 파급력과 연관된 매체의 효과와 특성을 고려하여 내용을 선정하고 조직하여 책임감 있게 인터넷상의 글쓰기를 한다.
국어,고등학교,1학년,09-10국03-10,"폭력적인 글이 독자에게 미치는 영향을 인식하고, 독자를 존중하고 배려하며 글을 쓴다."
국어,고등학교,1학년,09-10국04-10,올바른 문장 표현과 효과적인 담화 표현의 양상을 탐구한다.
국어,고등학교,1학년,09-10국04-11,국어의 변천을 이해하고 국어의 발전 방향을 탐구한다.
국어,고등학교,1학년,09-10국04-12,어휘의 체계와 양상을 이해하고 그것을 상황에 맞게 활용한다.
국어,고등학교,1학년,09-10국04-13,한글 맞춤법의 원리와 내용을 알고 교양 있는 표기 생활에 대해 알아본다.
국어,고등학교,1학년,09-10국05-13,전승 과정에 유의하여 한국 문학의 흐름을 이해한다.
국어,고등학교,1학년,09-10국05-14,"문학이 정서적, 심미적 삶을 고양함을 이해하고 작품을 수용·생산한다."
국어,고등학교,1학년,09-10국05-15,문학 작품에 나타난 작가의 개성을 이해하고 작품을 감상한다.
국어,고등학교,1학년,09-10국05-16,문학은 가치 있는 내용을 언어로 형상화한 예술이며 사회적 소통 활동임을 이해한다.
국어,중학교,1학년,09-9국01-01,듣기와 말하기의 소통과정을 이해하고 효율적인 듣기와 말하기 계획을 세운다.
국어,중학교,2학년,09-9국01-02,"공식적인 상황에서 상대의 말을 정리하며 듣고, 자신의 의견을 조리 있게 말한다."
국어,중학교,1학년,09-9국01-03,인물이나 관심사를 다양한 방법으로 소개하거나 설명한다.
국어,중학교,3학년,09-9국01-04,담화에 나타난 설득의 전략을 파악하고 평가한다.
국어,중학교,1학년,09-9국01-05,주변에서 일어나는 문제에 대해 의견을 조정하며 토의한다.
국어,중학교,3학년,09-9국01-06,다양한 논제에 대해 토론하고 토론의 과정과 결과를 평가한다.
국어,중학교,1학년,09-9국01-07,대화의 상황과 맥락을 이해하고 상대의 이야기에 공감하며 듣고 말한다.
국어,중학교,2학년,09-9국01-08,목적과 상대에 따라 말하기 방식의 차이를 고려하며 대화를 나눈다.
국어,중학교,2학년,09-9국01-09,사회적으로 의미가 있는 내용을 매체 자료로 구성하여 발표한다.
국어,중학교,2학년,09-9국01-10,화법의 다양성을 이해하고 서로 다른 집단 간의 소통의 중요성을 안다.
국어,중학교,3학년,09-9국01-11,"협상의 중요성을 이해하고, 의견과 주장이 다른 상대와 협상을 통해 문제를 해결한다."
국어,중학교,3학년,09-9국01-12,"전통적 듣기·말하기 문화를 이해하고, 오늘날의 듣기·말하기 문화를 성찰한다."
국어,중학교,1학년,09-9국02-01,"지식과 경험, 글의 정보, 읽기 맥락을 토대로 내용을 예측하며 글을 읽는다."
국어,중학교,1학년,09-9국02-02,글이나 매체에 제시된 다양한 자료의 효과와 적절성을 평가하며 읽는다.
국어,중학교,1학년,09-9국02-03,읽기 목적에 따라 적절한 방법으로 글의 내용을 요약한다
국어,중학교,1학년,09-9국02-04,설명 방식을 파악하며 설명하는 글을 읽는다.
국어,중학교,2학년,09-9국02-05,논증 방식을 파악하며 주장하는 글을 읽는다.
국어,중학교,2학년,09-9국02-06,글의 내용을 토대로 질문을 생성하며 능동적으로 읽는다
국어,중학교,2학년,09-9국02-07,동일한 대상을 다룬 서로 다른 글을 읽고 관점과 내용을 차이를 비교한다.
국어,중학교,2학년,09-9국02-08,글의 표현 방식을 파악하고 표현의 효과를 평가한다.
국어,중학교,3학년,09-9국02-09,자신의 삶과 관련지으며 글의 의미를 해석하고 독자의 정체성을 형성한다.
국어,중학교,3학년,09-9국02-10,읽기의 과정과 원리를 이해하고 자신의 읽기 과정을 점검하며 조절한다.
국어,중학교,3학년,09-9국02-11,"읽기의 가치와 중요성을 깨닫고, 읽기를 생활화하려는 태도를 지닌다."
국어,중학교,1학년,09-9국03-01,"주제, 목적, 독자를 고려하여 쓰기 과정을 계획하고, 점검하고 조정한다"
국어,중학교,1학년,09-9국03-02,설명하고자 하는 대상이나 개념에 맞게 적절한 설명 방법을 사용하여 독자가 이해하기 쉽게 글을 쓴다.
국어,중학교,2학년,09-9국03-03,"관찰, 조사, 실험한 내용을 절차와 결과가 드러나게 보고하는 글을 쓴다."
국어,중학교,3학년,09-9국03-04,의견의 차이가 드러나는 문제에 대해 타당한 근거를 들어 주장하는 글을 쓴다.
국어,중학교,2학년,09-9국03-05,학교나 지역 사회에서 일어난 일에 대해 문제 해결 방안이나 요구 사항을 담은 글을 쓴다.
국어,중학교,1학년,09-9국03-06,자신의 삶과 경험을 바탕으로 독자에게 감동이나 즐거움을 주는 글을 쓴다.
국어,중학교,3학년,09-9국03-07,자신의 삶을 성찰하고 계획하는 글을 쓴다.
국어,중학교,2학년,09-9국03-08,영상 언어의 특성을 살려 영상으로 이야기를 구성한다.
국어,중학교,3학년,09-9국03-09,매체의 특성이 쓰기의 내용과 형식에 미치는 영향을 고려하여 글을 효과적으로 쓴다.
국어,중학교,2학년,09-9국03-10,쓰기 윤리의 중요성을 인식하고 책임감 있는 태도로 글을 쓴다.
국어,중학교,1학년,09-9국04-01,언어의 본질과 기능을 이해한다.
국어,중학교,1학년,09-9국04-02,음운 체계를 탐구하고 그 특징을 이해한다.
국어,중학교,2학년,09-9국04-03,어문 규범의 기본 원리와 내용을 이해한다.
국어,중학교,2학년,09-9국04-04,음운 변동의 규칙성을 탐구하고 자연스러운 발음의 원리를 이해한다.
국어,중학교,1학년,09-9국04-05,단어의 짜임을 분석하고 새말이 만들어지는 원리를 이해한다.
국어,중학교,1학년,09-9국04-06,품사의 개념과 특성을 이해하고 단어를 적절하게 사용한다.
국어,중학교,2학년,09-9국04-07,문장의 구조를 탐구하고 자신의 생각을 다양한 구조의 문장으로 표현할 수 있다.
국어,중학교,2학년,09-9국04-08,어휘의 유형과 의미 관계를 이해하고 활용한다.
국어,중학교,3학년,09-9국04-09,문법적 기능을 담당하는 요소들의 특징을 이해하고 담화 상황에 맞게 사용할 수 있다.
국어,중학교,3학년,09-9국04-10,담화의 개념과 특성을 이해하고 담화 상황에 적합한 국어 생활을 한다.
국어,중학교,3학년,09-9국04-11,한글의 창제 원리와 가치를 이해한다.
국어,중학교,1학년,09-9국05-01,"비유, 운율, 상징 등의 표현 방식을 바탕으로 작품을 이해하고 표현한다."
국어,중학교,1학년,09-9국05-02,갈등의 진행과 해결 과정을 파악하며 작품을 이해한다.
국어,중학교,2학년,09-9국05-03,다양한 관점과 방법으로 작품을 해석한다.
국어,중학교,3학년,09-9국05-04,표현에 드러나는 작가의 태도에 주목하며 작품을 이해하고 표현한다.
국어,중학교,2학년,09-9국05-05,작품의 세계가 누구의 눈을 통해 전달되는지 파악하며 작품을 수용한다.
국어,중학교,3학년,09-9국05-06,사회·문화·역사적 상황을 바탕으로 작품의 의미를 파악한다.
국어,중학교,2학년,09-9국05-07,작품의 창작 의도와 소통 맥락을 고려하며 작품을 수용한다.
국어,중학교,1학년,09-9국05-08,자신의 주체적인 관점에서 작품을 평가한다.
국어,중학교,2학년,09-9국05-09,자신의 일상에서 의미 있는 경험을 찾아 다양한 작품으로 표현한다.
국어,중학교,3학년,09-9국05-10,문학이 인간의 삶에 어떤 가치를 지니는지 이해한다.
국어,고등학교,2학년,09-독문-01,사회적 소통 및 지식 창출 행위로서 독서의 특성을 이해한다.
국어,고등학교,2학년,09-독문-02,"독해의 원리, 과정, 방법을 통합적으로 이해한다."
국어,고등학교,2학년,09-독문-03,"언어와 사고, 언어와 사회, 언어와 문화의 관계를 탐구하고 이해한다."
국어,고등학교,2학년,09-독문-04,"언어가 갖는 특성인 기호성, 규칙성, 창조성, 사회성, 역사성을 탐구하고 이해한다."
국어,고등학교,2학년,09-독문-05,"음성, 음운의 세계를 탐구하고 올바르게 발음 생활을 한다."
국어,고등학교,2학년,09-독문-06,음운의 변동을 탐구하고 올바르게 발음하며 표기하는 생활을 한다.
국어,고등학교,2학년,09-독문-07,품사 분류를 통해서 개별 단어의 특성을 이해한다.
국어,고등학교,2학년,09-독문-08,단어의 형성 과정을 이해하고 새말이 만들어지는 원리를 탐구한다.
국어,고등학교,2학년,09-독문-09,외래어 표기법과 로마자 표기법을 이해하고 국어 생활에서 활용하도록 한다.
국어,고등학교,2학년,09-독문-10,단어의 의미 관계와 의미 변화의 양상을 탐구하고 이해한다.
국어,고등학교,2학년,09-독문-11,문장의 짜임을 탐구하여 이해하고 정확한 문장을 사용한다.
국어,고등학교,2학년,09-독문-12,의미 구성에 기여하는 문법 요소의 개념과 표현 효과를 탐구한다.
국어,고등학교,2학년,09-독문-13,담화의 개념과 특성을 이해하여 적절하고 효과적인 국어 생활을 하도록 한다.
국어,고등학교,2학년,09-독문-14,"담화에서 지식, 대용, 접속 표현의 기능과 효과를 이해한다."
국어,고등학교,2학년,09-독문-15,"글의 구성 요소를 이해하고, 글의 담화적 특성을 판단하며 읽는 능력을 기른다."
국어,고등학교,2학년,09-독문-16,글의 기본 구조와 전개 방식에 대한 이해를 바탕으로 사고 전개 과정의 특징을 파악하며 읽는다.
국어,고등학교,2학년,09-독문-17,글의 구성단위들 간의 관계를 이해하고 글의 중심 내용을 파악하며 읽는다.
국어,고등학교,2학년,09-독문-18,"필자의 의도나 목적, 숨겨진 주제, 생략된 내용 등을 추론하며 읽는다."
국어,고등학교,2학년,09-독문-19,"글의 내용이나 자료, 관점 등에 나타난 필자의 생각을 비판하며 읽는다."
국어,고등학교,2학년,09-독문-20,글에서 공감하거나 감동적인 부분을 찾아 그 내용을 감상하며 읽는다.
국어,고등학교,2학년,09-독문-21,"글의 화제나 주제, 필자의 관점 등에 대한 자기의 견해를 논리적으로 구성하여 창의적으로 문제를 해결하는 방법을 발견한다."
국어,고등학교,2학년,09-독문-22,동일한 화제에 대한 다양한 관점의 글을 읽고 비판적으로 재구성한다.
국어,고등학교,2학년,09-독문-23,시대에 따라 글쓰기의 관습이나 독서 문화가 달랐음을 알고 사회?문화적 맥락을 구성하며 글을 읽는다.
국어,고등학교,2학년,09-독문-24,지역별 문화의 특성이 글에 반영되어 있음을 이해하고 창의적으로 글을 읽는다.
국어,고등학교,2학년,09-독문-25,"정보화 시대의 다양한 독서 매체의 특성을 이해하고, 이를 효과적으로 활용하여 읽는다."
국어,고등학교,2학년,09-독문-26,국어 자료를 읽고 국어의 변천을 탐구한다.
국어,고등학교,2학년,09-독문-27,선인들의 삶을 통하여 국어 수난과 발전의 역사를 이해한다.
국어,고등학교,2학년,09-독문-28,남북한 언어의 차이점을 이해하고 동질성을 회복하는 방안을 탐구한다.
국어,고등학교,2학년,09-독문-29,세계 속의 한국어 위상을 이해하고 국어의 발전 방안을 모색한다.
국어,고등학교,2학년,09-독문-30,사회적 공동체의 독서 활동을 통하여 다른 사람과 교감하며 글을 읽고 삶을 성찰한다.
국어,고등학교,2학년,09-독문-31,다매체 사회에서 인터넷 등 다양한 경로를 통해 독서에 관한 정보를 얻고 활용한다.
국어,고등학교,2학년,09-독문-32,자신의 독서 이력을 성찰하고 독서 계획을 세워 실천한다.
국어,고등학교,1학년,10공국1-01-01,대화의 원리를 고려하여 대화하고 자신의 듣기ㆍ말하기 과정과 공동체의 담화 관습을 성찰한다.
국어,고등학교,1학년,10공국1-01-02,논제의 필수 쟁점별로 논증을 구성하고 논증이 타당한지 평가하며 토론한다.
국어,고등학교,2학년,10공국1-03-01,내용 전개의 일반적 원리를 고려하여 사회적 쟁점에 대한 자신의 견해를 정교하게 표현하는 글을 쓴다.
국어,고등학교,2학년,10공국1-04-01,언어 공동체가 다변화함에 따라 다양해진 언어 실천 양상을 분석하고 언어 주체로서 책임감을 가지며 국어생활을 한다.
국어,중학교,2학년,10공국1-04-02,음운 변동을 탐구하여 발음과 표기에 올바르게 적용한다.
국어,고등학교,1학년,10공국1-05-02,갈래에 따른 형상화 방법의 특성을 고려하며 작품을 수용한다.
국어,고등학교,1학년,10공국1-05-03,작품 구성 요소의 유기적 관계와 맥락에 유의하여 작품을 수용하고 생산한다.
국어,중학교,3학년,10공국2-01-02,쟁점과 이해관계를 고려하여 문제를 해결할 수 있는 대안을 탐색하며 협상한다.
국어,고등학교,1학년,10공국2-02-01,"복합양식으로 구성된 글이나 자료에 내재된 필자의 관점이나 의도, 표현 방법을 평가하며 읽는다."
국어,고등학교,1학년,10공국2-02-02,동일한 화제의 글이나 자료라도 서로 다른 관점과 형식으로 표현됨을 이해하며 읽기 목적을 고려하여 글이나 자료를 주제 통합적으로 읽는다.
국어,고등학교,2학년,10공국2-02-03,"의미 있는 사회적 독서 활동에 참여함으로써 타인과 교류하고 다양한 지식이나 정보, 삶에 대한 가치관 등을 이해하는 태도를 지닌다."
국어,고등학교,1학년,10공국2-03-01,언어 공동체가 공유하는 작문 관습의 특성을 이해하고 쓰기 과정과 전략을 점검하며 책임감 있게 글을 쓴다.
국어,고등학교,1학년,10공국2-03-02,논증 요소에 따른 분석을 바탕으로 효과적으로 내용을 조직하여 논증하는 글을 쓴다.
국어,고등학교,1학년,10공국2-04-01,과거 및 현재의 국어생활에 나타나는 국어의 변화를 이해하고 국어문화 발전에 참여한다.
국어,고등학교,2학년,10공국2-04-02,한글 맞춤법의 원리를 적용하여 국어생활을 성찰하고 문제를 해결한다.
국어,고등학교,1학년,10공국2-05-01,한국 문학사의 흐름을 고려하여 작품을 수용한다.
국어,고등학교,1학년,10공국2-05-02,주체적인 관점에서 작품을 해석하고 평가하며 문학을 생활화하는 태도를 지닌다.
국어,고등학교,1학년,10국01-01,개인이나 집단에 따라 듣기와 말하기의 방법이 다양함을 이해하고 듣기·말하기 활동을 한다
국어,고등학교,1학년,10국01-03,논제에 따라 쟁점별로 논증을 구성하여 토론에 참여한다.
국어,고등학교,1학년,10국01-04,협상에서 서로 만족할 만한 대안을 탐색하여 의사 결정을 한다
국어,고등학교,1학년,10국01-05,의사소통 과정을 점검하고 조정하며 듣고 말한다
국어,고등학교,1학년,10국01-06,언어 공동체의 담화 관습을 성찰하고 바람직한 의사소통 문화 발전에 기여하는 태도를 지닌다.
국어,고등학교,1학년,10국02-01,읽기는 읽기를 통해 서로 영향을 주고받으며 소통하는 사회적 상호 작용 행위임을 이해하고 글을 읽는다.
국어,고등학교,1학년,10국02-02,매체에 드러난 필자의 관점이나 표현 방법의 적절성을 평가하며 읽는다.
국어,고등학교,1학년,10국02-03,삶의 문제에 대한 해결 방안이나 필자의 생각에 대한 대안을 찾으며 읽는다.
국어,고등학교,1학년,10국02-04,읽기 목적을 고려하여 자신의 읽기 방법을 점검하고 조정하며 읽는다
국어,고등학교,1학년,10국02-05,자신의 진로나 관심사와 관련된 글을 자발적으로 찾아 읽는 태도를 지닌다.
국어,고등학교,1학년,10국03-01,국어가 변화하는 실체임을 이해하고 국어 생활을 한다.
국어,고등학교,1학년,10국03-02,"주제, 독자에 대한 분석을 바탕으로 타당한 근거를 들어 설득하는 글을 쓴다"
국어,고등학교,1학년,10국03-03,자신의 경험과 성찰을 담아 정서를 표현하는 글을 쓴다
국어,고등학교,1학년,10국03-04,쓰기 맥락을 고려하여 쓰기 과정을 점검·조정하며 글을 고쳐 쓴다.
국어,고등학교,1학년,10국03-05,글이 독자와 사회에 끼치는 영향을 고려하여 책임감 있게 글을 쓰는 태도를 지닌다.
국어,고등학교,1학년,10국04-02,음운의 변동을 탐구하여 올바르게 발음하고 표기한다
국어,고등학교,1학년,10국04-03,문법 요소의 특징을 탐구하고 상황에 맞게 사용한다
국어,고등학교,1학년,10국04-04,한글 맞춤법의 기본 원리와 내용을 이해한다.
국어,고등학교,1학년,10국04-05,국어를 사랑하고 국어 발전에 참여하는 태도를 지닌다.
국어,고등학교,1학년,10국05-01,문학 작품은 구성 요소들과 전체가 유기적 관계를 맺고 있는 구조물임을 이해하고 문학 활동을 한다.
국어,고등학교,1학년,10국05-02,갈래의 특성에 따른 형상화 방법을 중심으로 작품을 감상한다.
국어,고등학교,1학년,10국05-03,문학사의 흐름을 고려하여 대표적인 한국 문학 작품을 감상한다.
국어,고등학교,1학년,10국05-04,문학의 수용과 생산 활동을 통해 다양한 사회·문화적 가치를 이해하고 평가한다
국어,고등학교,1학년,10국05-05,주체적인 관점에서 작품을 해석하고 평가하며 문학을 생활화하는 태도를 지닌
국어,고등학교,2학년,12독작01-01,독서와 작문의 의사소통 방법과 특성을 이해하고 문어 의사소통 생활을 주도적으로 실천하고 성찰한다.
국어,고등학교,2학년,12독작01-02,독서의 목적과 작문의 맥락을 고려하여 가치 있는 글이나 자료를 탐색하고 선별한다.
국어,고등학교,2학년,12독작01-03,글에 드러난 정보를 바탕으로 글의 내용을 파악하고 글에 드러나지 않은 정보를 추론하며 읽는다.
국어,고등학교,2학년,12독작01-04,"글의 내용이나 관점, 표현 방법, 필자의 의도나 사회?문화적 이념을 평가하며 읽는다."
국어,고등학교,2학년,12독작01-06,"자신의 글을 분석적?비판적 관점으로 읽고, 내용과 형식을 효과적으로 고쳐 쓴다."
국어,고등학교,2학년,12독작01-08,사회적?역사적 현상이나 쟁점 등을 다룬 사회?문화 분야의 글을 읽고 사회?문화적 사건이나 역사적 인물에 대한 관점을 담은 글을 쓴다.
국어,고등학교,2학년,12화언01-01,"언어를 인간의 삶과 관련지어 이해하고, 국어와 국어생활이 시간의 흐름에 따라 변화하는 양상을 분석한다."
국어,고등학교,2학년,12화언01-02,표준 발음을 이해하고 정확하게 발음하는 국어생활을 한다.
국어,고등학교,2학년,12화언01-03,품사와 문장 구조에 대한 지식을 활용하여 언어 자료를 분석하고 설명한다.
국어,고등학교,2학년,12화언01-04,"단어의 짜임과 의미, 단어 간의 의미 관계를 중심으로 어휘를 이해하고 담화에 적절히 활용한다."
국어,고등학교,2학년,12화언01-05,담화의 맥락에 적절한 어휘와 문법 요소를 선택하여 화자의 태도를 드러낸다.
국어,고등학교,2학년,12화언01-06,담화의 구조를 고려하여 적절한 어휘와 문장으로 응집성 있는 담화를 구성한다.
국어,중학교,3학년,12화언01-07,다양한 유형의 담화와 매체를 대상으로 언어의 공공성을 이해하고 평가한다.
국어,고등학교,2학년,12화언01-15,"언어 공동체의 담화 관습을 이해하고, 다양성을 존중하는 의사소통 문화 형성에 기여하는 태도를 지닌다."
국어,초등학교,3학년,4국01-01,중요한 내용과 주제를 파악하며 듣고 그 내용을 요약한다.
국어,초등학교,3학년,4국01-02,원인과 결과의 관계를 고려하여 내용을 예측하며 듣고 말한다.
국어,초등학교,3학년,4국01-03,상황에 적절한 준언어?비언어적 표현을 활용하여 듣고 말한다.
국어,초등학교,3학년,4국01-04,"적절한 표정, 몸짓, 말투로 말한다."
국어,초등학교,3학년,4국01-05,내용을 요약하며 듣는다.
국어,초등학교,4학년,4국01-06,주제에 적절한 의견과 이유를 제시하고 서로의 생각을 교환하며 토의한다.
국어,초등학교,3학년,4국02-01,문단과 글의 중심 생각을 파악한다.
국어,초등학교,3학년,4국02-02,문단과 글에서 중심 생각을 파악하고 내용을 간추린다.
국어,초등학교,3학년,4국02-03,글에서 낱말의 의미나 생략된 내용을 짐작한다.
국어,초등학교,4학년,4국02-04,글에 나타난 사실과 의견을 구분하고 필자와 자신의 의견을 비교한다.
국어,초등학교,3학년,4국02-05,읽기 경험과 느낌을 다른 사람과 나누는 태도를 지닌다.
국어,초등학교,3학년,4국03-01,"중심 문장과 뒷받침 문장을 갖추어 문단을 쓰고, 문장과 문단을 중심으로 고쳐 쓴다."
국어,초등학교,3학년,4국03-02,시간의 흐름에 따라 사건이나 행동이 드러나게 글을 쓴다.
국어,초등학교,4학년,4국03-03,대상에 대한 자신의 의견과 그렇게 생각한 이유가 드러나게 글을 쓴다.
국어,초등학교,3학년,4국03-04,목적과 주제를 고려하여 독자에게 마음을 전하는 글을 쓴다.
국어,초등학교,4학년,4국03-05,자신의 쓰기 과정을 점검하며 쓰기에 자신감을 갖는다.
국어,초등학교,3학년,4국04-01,단어와 단어 간의 의미 관계를 파악한다.
국어,초등학교,3학년,4국04-02,단어를 분류하고 국어사전을 활용하여 능동적인 국어 활동을 한다.
국어,초등학교,4학년,4국04-03,기본적인 문장의 짜임을 이해하고 적절하게 사용한다.
국어,초등학교,3학년,4국04-04,글과 담화에 쓰인 높임 표현과 지시ㆍ접속 표현을 이해하고 상황에 맞게 표현한다.
국어,초등학교,4학년,4국04-05,언어가 의사소통과 관계 형성의 수단임을 이해하고 국어를 소중히 여기는 태도를 지닌다.
국어,초등학교,3학년,4국05-01,시각이나 청각 등 감각적 표현에 주목하며 작품을 감상한다.
국어,초등학교,4학년,4국05-02,"인물, 사건, 배경에 주목하며 작품을 이해한다."
국어,초등학교,4학년,4국05-03,작품을 듣거나 읽고 마음에 드는 작품을 소개한다.
국어,초등학교,3학년,4국05-04,"감각적 표현에 유의하여 작품을 감상하고, 감각적 표현을 활용하여 자신의 생각이나 감정을 표현한다."
국어,초등학교,3학년,4국05-05,재미나 감동을 느끼며 작품을 즐겨 감상하는 태도를 지닌다.
국어,초등학교,6학년,4국06-02,매체를 활용하여 간단한 발표 자료를 만든다.
국어,초등학교,5학년,6국01-01,구어 의사소통의 특성을 바탕으로 하여 듣기·말하기 활동을 한다.
국어,초등학교,5학년,6국01-02,의견을 제시하고 함께 조정하며 토의한다.
국어,초등학교,5학년,6국01-03,절차와 규칙을 지키고 근거를 제시하며 토론한다.
국어,초등학교,5학년,6국01-04,자료를 정리하여 말할 내용을 체계적으로 구성한다.
국어,초등학교,6학년,6국01-05,매체 자료를 활용하여 내용을 효과적으로 발표한다
국어,초등학교,6학년,6국01-06,드러나지 않거나 생략된 내용을 추론하며 듣는다
국어,초등학교,5학년,6국01-07,절차와 규칙을 지키고 타당한 이유와 근거를 제시하며 토론한다.
국어,초등학교,5학년,6국02-01,글의 구조를 고려하며 주제나 주장을 파악하고 글 내용을 요약한다.
국어,초등학교,3학년,6국02-02,글에서 생략된 내용이나 함축된 표현을 문맥을 고려하여 추론한다.
국어,초등학교,5학년,6국02-03,글을 읽고 글쓴이가 말하고자 하는 주장이나 주제를 파악한다.
국어,초등학교,6학년,6국02-04,글을 읽고 내용의 타당성과 표현의 적절성을 판단 한다.
국어,초등학교,5학년,6국02-05,매체에 따른 다양한 읽기 방법을 이해하고 적절하게 적용하며 읽는다.
국어,초등학교,5학년,6국02-06,자신의 읽기 습관을 점검하며 스스로 글을 찾아 읽는 태도를 지닌다.
국어,초등학교,5학년,6국03-01,알맞은 내용을 선정하여 대상의 특성이 나타나게 설명하는 글을 쓴다.
국어,초등학교,5학년,6국03-02,목적이나 주제에 따라 알맞은 내용과 매체를 선정하여 글을 쓴다.
국어,초등학교,5학년,6국03-03,체험한 일에 대한 감상을 나타내는 글을 쓴다.
국어,초등학교,5학년,6국03-04,독자와 매체를 고려하여 내용을 생성하고 표현하며 글을 쓴다.
국어,초등학교,5학년,6국03-05,체험한 일에 대한 감상이 드러나게 글을 쓴다
국어,초등학교,5학년,6국03-06,독자를 존중하고 배려하며 글을 쓰는 태도를 지닌다.
국어,초등학교,6학년,6국04-01,언어는 생각을 표현하며 다른 사람과 관계를 맺는 수단임을 이해하고 국어 생활을 한다.
국어,초등학교,5학년,6국04-02,국어의 낱말 확장 방법을 탐구하고 어휘력을 높이는 데에 적용한다.
국어,초등학교,5학년,6국04-03,낱말이 상황에 따라 다양하게 해석됨을 탐구한다.
국어,초등학교,5학년,6국04-04,문장 성분을 이해하고 호응 관계가 올바른 문장을 구성한다.
국어,초등학교,3학년,6국04-05,글과 담화에 쓰인 시간 표현을 이해하고 상황에 맞게 표현한다.
국어,초등학교,5학년,6국04-06,일상생활에서 국어를 바르게 사용하는 태도를 지닌다.
국어,초등학교,5학년,6국05-01,문학은 가치 있는 내용을 언어로 표현하여 아름다움을 느끼게 하는 활동임을 이해하고 문학 활동을 한다.
국어,초등학교,5학년,6국05-02,작품 속 세계와 현실 세계를 비교하며 작품을 감상한다.
국어,초등학교,6학년,6국05-03,비유적 표현의 특성과 효과를 살려 생각과 느낌을 다양하게 표현한다
국어,초등학교,3학년,6국05-04,인상적인 부분을 중심으로 작품에 대한 의견을 나눈다.
국어,초등학교,5학년,6국05-05,"자신의 경험을 시, 소설, 극, 수필 등 적절한 갈래로 표현한다."
국어,초등학교,5학년,6국05-06,작품을 읽고 자신의 삶과 연관 지어 성찰하는 태도를 지닌다.
국어,초등학교,5학년,6국06-01,정보 검색 도구를 활용하여 자신의 목적에 맞는 매체 자료를 찾는다.
국어,중학교,2학년,6국06-03,적합한 양식과 수용자의 반응을 고려하여 복합양식 매체 자료를 제작하고 공유한다.
국어,중학교,2학년,9국01-01,듣기·말하기는 의미 공유의 과정임을 이해하고 듣기·말하기 활동을 한다.
국어,중학교,2학년,9국01-02,상대의 감정에 공감하며 적절하게 반응하는 대화를 나눈다.
국어,중학교,1학년,9국01-03,목적에 맞게 질문을 준비하여 면담한다.
국어,초등학교,5학년,9국01-04,상대의 말을 경청하고 상대의 감정과 입장에 공감하는 반응을 보이며 대화한다.
국어,중학교,3학년,9국01-05,토론에서 타당한 근거를 들어 논박한다.
국어,중학교,2학년,9국01-06,다양한 자료를 재구성하여 내용을 체계적으로 조직하고 청중이 이해하기 쉽게 발표한다.
국어,중학교,1학년,9국01-07,토의에서 다양한 의견을 교환하여 대안을 마련하고 문제를 해결한다.
국어,중학교,2학년,9국01-08,핵심 정보가 잘 드러나도록 내용을 구성하여 발표한다.
국어,중학교,3학년,9국01-09,설득 전략을 비판적으로 분석하며 듣는다.
국어,중학교,1학년,9국01-10,"언어폭력의 문제점을 성찰하고, 서로를 존중하는 표현을 사용하여 말한다."
국어,중학교,2학년,9국01-11,듣기ㆍ말하기 과정을 점검하고 듣기ㆍ말하기의 어려움을 효과적으로 조정한다.
국어,중학교,1학년,9국01-12,언어폭력의 문제점을 인식하고 상대를 배려하며 말하는 태도를 지닌다.
국어,중학교,3학년,9국02-01,읽기는 글에 나타난 정보와 독자의 배경지식을 활용하여 문제를 해결하는 과정임을 이해하고 글을 읽는다.
국어,중학교,1학년,9국02-02,읽기 목적과 글의 구조를 고려하며 글을 효과적으로 요약한다.
국어,초등학교,5학년,9국02-03,독자의 배경지식과 글에 나타난 정보 등을 활용하여 글에 드러나지 않은 의도나 관점을 추론하며 읽는다.
국어,중학교,1학년,9국02-04,"복합양식으로 구성된 글이나 자료의 내용 타당성과 신뢰성, 표현 방법의 적절성을 평가하며 읽는다."
국어,중학교,1학년,9국02-05,"글에 사용된 다양한 설명 방법과 논증 방법을 파악하고, 그 타당성을 평가하며 읽는다."
국어,중학교,1학년,9국02-06,동일한 화제를 다룬 여러 글이나 자료를 주제 통합적으로 읽는다.
국어,중학교,2학년,9국02-07,매체에 드러난 다앙한 표현 방법과 의도를 평가하며 읽는다.
국어,중학교,1학년,9국02-08,도서관이나 인터넷에서 관련 자료를 찾아 참고하면서 한 편의 글을 읽는다.
국어,중학교,3학년,9국02-09,자신의 읽기 과정을 점검하고 효과적으로 조정하며 읽는다.
국어,중학교,2학년,9국02-10,읽기의 가치와 중요성을 깨닫고 읽기를 생활화하는 태도를 지닌다.
국어,중학교,1학년,9국03-01,대상의 특성에 적합한 설명 방법을 활용하여 글을 쓴다.
국어,중학교,2학년,9국03-02,대상의 특성에 맞는 설명 방법을 사용하여 글을 쓴다.
국어,중학교,3학년,9국03-03,주장을 뒷받침할 수 있는 타당한 근거를 들고 적절한 표현을 사용하여 주장하는 글을 쓴다.
국어,중학교,3학년,9국03-04,주장하는 내용에 맞게 타당한 근거를 들어 글을 쓴다.
국어,중학교,1학년,9국03-05,자신의 삶과 경험을 바탕으로 정서를 진솔하게 표현하는 글을 쓴다.
국어,중학교,1학년,9국03-06,다양한 표현을 활용하여 자신의 생각과 느낌이 드러나는 글을 쓰고 독자와 공유한다.
국어,중학교,2학년,9국03-07,"생각이나 느낌, 경험을 드러내는 다양한 표현을 활용하여 글을 쓴다."
국어,중학교,1학년,9국03-08,"영상이나 인터넷 등의 매체 특성을 고려하여 생각이나 느낌, 경험을 표현한다."
국어,중학교,2학년,9국03-09,"언어 공동체의 구성원인 필자로서 자신에 대해 성찰하며, 윤리적 소통 문화를 형성하는 데에 기여한다."
국어,중학교,3학년,9국03-10,쓰기 윤리를 지키며 글을 쓰는 태도를 지닌다.
국어,중학교,1학년,9국04-01,국어의 음운 체계와 문자 체계를 이해하고 국어생활에 활용한다.
국어,중학교,1학년,9국04-02,단어의 짜임을 분석하여 새말 형성의 원리를 이해한다.
국어,중학교,1학년,9국04-03,품사의 종류와 특성을 이해하고 국어 자료를 분석한다.
국어,중학교,1학년,9국04-04,품사의 종류를 알고 그 특성을 이해한다.
국어,중학교,1학년,9국04-05,어휘의 체계와 양상을 탐구하고 활용한다.
국어,중학교,2학년,9국04-06,한글 맞춤법의 기본 원리와 내용을 이해하고 국어생활에 적용한다.
국어,중학교,1학년,9국04-07,세대?분야?매체에 따른 어휘의 양상과 쓰임을 분석하고 다양한 집단과 사회의 언어에 관용적 태도를 지닌다.
국어,중학교,1학년,9국04-08,자신과 주변의 다양한 국어 실천 양상을 비판적으로 분석하여 언어와 자아 및 세계 사이의 관계를 인식한다.
국어,중학교,3학년,9국04-09,통일 시대의 국어에 관심을 가지는 태도를 지닌다.
국어,중학교,1학년,9국05-01,"운율, 비유, 상징의 특성과 효과에 유의하며 작품을 감상하고 창작한다."
국어,중학교,1학년,9국05-02,갈등의 진행과 해결 과정을 파악하며 작품을 감상한다.
국어,중학교,1학년,9국05-03,인간의 성장을 다룬 작품을 읽으며 문학의 가치를 내면화한다.
국어,중학교,2학년,9국05-04,보는 이나 말하는 이의 특성과 효과를 파악하며 작품을 감상한다.
국어,중학교,3학년,9국05-05,작품에 반영된 사회?문화적 상황을 이해하며 작품을 감상한다.
국어,중학교,2학년,9국05-06,자신의 경험을 개성적인 발상과 표현으로 형상화한다.
국어,중학교,2학년,9국05-07,연관성이 있는 다른 작품들과의 관계를 파악하며 작품을 감상한다.
국어,중학교,1학년,9국05-08,"근거를 바탕으로 작품을 해석하고, 다른 해석들과 비교하여 자신의 해석을 평가한다."
국어,중학교,2학년,9국05-09,자신의 가치 있는 경험을 개성적인 발상과 표현으로 형상화한다.
국어,중학교,1학년,9국05-10,인간의 성장을 다룬 작품을 읽으며 삶을 성찰하는 태도를 지닌다.
국어,중학교,2학년,9국06-03,복합양식성을 고려하여 영상 매체 자료를 제작하고 공유한다.
국어,중학교,2학년,9국06-05,매체 자료의 재현 방식을 이해하고 광고나 홍보물을 분석한다.
기술가정,고등학교,1학년,12기가01-01,"건강한 가족 형성의 기반이 되는 사랑과 결혼의 의미를 이해하고, 행복한 결혼에 대한 가치를 탐색한다."
기술가정,고등학교,1학년,12기가01-02,"이상적인 배우자상에 대한 개인적·사회적 고정 관념을 성찰하고, 행복한 가정생활을 위한 배우자 선택 기준을 제안한다."
기술가정,고등학교,1학년,12기가01-03,"부모 됨의 의미를 인식하고, 책임 있는 부모가 되기 위해 필요한 역량을 탐색한다."
기술가정,고등학교,1학년,12기가01-04,"임신 중 생활과 출산의 과정을 이해하고, 계획적인 임신과 건강한 출산을 위한 방안을 탐색한다."
기술가정,고등학교,1학년,12기가01-05,"신생아기, 영·유아기, 아동기의 발달 특징을 이해하고 이에 따른 자녀 돌보기의 방법을 익혀 부모가 되기 위해 필요한 역량을 추론한다."
기술가정,고등학교,1학년,12기가01-06,"가족 문화의 의미를 이해하고, 세대 간 관계를 조화롭게 영위할 수 있는 방안을 탐색하여 가족 관계에 적용한다."
기술가정,중학교,2학년,12기가02-01,"저출생·고령사회에서 생활 설계의 필요성을 인식하고, 전 생애에 걸친 안정적인 삶을 준비하기 위한 생활을 설계한다."
기술가정,고등학교,1학년,12기가02-02,"경제적 자립의 태도를 갖추기 위해 개인과 가족의 상황에 맞는 가계 재무 설계의 필요성을 이해하고, 가정경제 관리 방안을 계획한다."
기술가정,고등학교,1학년,12기가02-03,소비자의 안전을 위협하는 다양한 문제를 비판적으로 성찰하며 소비자 시민성을 반영한 소비생활을 실천한다.
기술가정,고등학교,1학년,12기가02-04,생활복지서비스와 일상생활에서 생성되는 빅데이터 적용의 의미를 파악하고 이를 활용하여 생활에 적용할 수 있는 새로운 복지 방안을 제안한다.
기술가정,중학교,2학년,12기가02-05,개인 및 가족의 생애 주기에 따른 맞춤형 스마트 복지 현황을 파악하고 자신이 설정한 삶의 목표 실현에 적용할 수 있는 복지서비스 정책을 제안한다.
기술가정,고등학교,1학년,12기가03-01,"성년기의 성과 사랑에 관하여 탐구하고, 성인으로서의 독립과 자신과 타인을 보호하는 건강한 관계 맺기의 의미를 추론한다."
기술가정,고등학교,1학년,12기가03-02,부모됨의 의미를 성찰하고 건강한 임신과 출산의 방안을 탐색하여 책임 있는 부모가 되기 위해 필요한 역량을 탐색한다.
기술가정,고등학교,1학년,12기가03-03,가족 내 소통과 협력의 태도를 기르기 위하여 중년기와 청소년기의 발달 특성을 인식하고 차이와 공통점을 탐구하여 자신과 가족의 생활에 적용한다.
기술가정,고등학교,1학년,12기가03-04,"후반기 인생 설계의 중요성과 웰다잉의 의미 탐색을 위하여 노년기의 발달 특성을 이해하며 노년기 삶의 존중 및 나이듦에 대한 긍정적 인식을 함양하고, 유니버설디자인의 배경과 맥락을 파악하여 노년기 생활에 적용할 수 있는 방안을 탐구한다."
기술가정,고등학교,1학년,12기가03-05,가족생활에서 발생하는 다양한 위기의 회복과 치유 방안을 탐색하고 회복탄력성을 발휘하여 성장하는 방안을 추론한다.
기술가정,고등학교,1학년,12기가04-01,기술의 발달에 따라 개량되거나 만들어진 제품을 통해 최신 기술의 활용과 발전 방향을 예측하여 발표한다.
기술가정,고등학교,1학년,12기가04-02,"공학의 개념을 정의하고 공학의 설계 과정을 이해하며, 공학의 혁신 사례를 조사하여 공학의 가치를 인식한다."
기술가정,고등학교,1학년,12기가04-03,"첨단 건설 기술의 핵심 기술과 동향을 파악하며, 건설 기술에서 활용되고 있는 재난 예방과 관련된 예를 조사하여 발표한다."
기술가정,고등학교,1학년,12기가04-04,"생명 기술이 인류의 식량 자원 확보에 기여할 수 있는 방안을 살펴보며, 로봇과통신 기술이 의료 기술과 원격 의료에 활용되는 사례를 알아본다."
기술가정,고등학교,1학년,12기가04-05,"다양한 공학 분야를 탐색하여 공학자의 역할을 이해하고, 자신의 흥미, 적성, 능력에 맞는 공학 분야의 진로를 탐색한다."
기술가정,고등학교,1학년,12기가04-06,"정보 통신 기술 분야의 첨단 기술에 대하여 조사해 보고, 정보 통신 산업의 발전 방안을 토의하고 발표한다."
기술가정,고등학교,1학년,12기가04-07,첨단 기술과 관련된 문제의 해결책을 창의적으로 탐색하고 실현하며 평가한다.
기술가정,고등학교,1학년,12기가05-01,"미래의 기술 변화를 예측하고, 그에 따른 직업 세계의 변화를 전망한다."
기술가정,고등학교,1학년,12기가05-02,디지털 기반 설계 및 제조 과정을 이용해 공학적 문제를 해결할 수 있는 제품을 제작하고 산출물을 평가하는 과정에서 공학에 대한 도전적 태도를 기른다.
기술가정,고등학교,1학년,12기가05-03,"자동차에 의한 사고의 원인과 사례를 알고, 사고 예방을 위한 올바른 이용 방법을 이해한다."
기술가정,고등학교,1학년,12기가05-04,"기술 혁신을 위한 창의 공학 설계를 이해하고, 제품을 구상하고 설계한다."
기술가정,중학교,2학년,12기가05-05,"첨단 수송수단 및 항공우주 분야에 사용되는 공학적 지식을 분석하고, 발달 현황 및 미래의 방안을 토의하고 발표하며, 첨단 수송수단 및 항공우주와 관련된 공학 문제를 창의적으로 해결한다."
기술가정,고등학교,1학년,12기가05-06,"기술 연구 개발 과정에서 적용되는 표준을 이해하고, 국내외 표준 사례를 분석하여 특허 표준의 필요성과 중요성을 인식한다."
기술가정,고등학교,1학년,12기가05-07,발명과 표준에 관련된 체험 활동을 통하여 기술적 문제를 창의적으로 해결한다.
기술가정,고등학교,1학년,12기가05-08,"사회적, 경제적, 환경적 측면에서 지속 가능한 발전 방안을 모색하고 적용할 수 있는 기술의 분야를 조사한다."
기술가정,고등학교,1학년,12기가05-09,"적정 기술, 지속 가능한 발전과 관련된 문제를 창의적으로 탐색하고 실현하며 평가한다."
기술가정,고등학교,1학년,12기가06-02,"초연결사회와 정보통신 관련 공학 문제를 공학적 문제해결 과정을 통해 해결하고, 산출물 평가를 통해 공학적 의사소통의 중요성을 인식한다."
기술가정,고등학교,1학년,12기가06-04,"생명공학이 인류의 식량자원 확보, 온실가스 배출감소, 생명 연장, 의공학의 발전에 기여할 수 있는 방안을 탐구하고, 생명공학과 관련된 문제를 창의적으로 해결하는 과정에서 공학의 가치를 인식한다."
기술가정,중학교,1학년,9기가01-01,자아 존중감을 향상시키고 긍정적인 자아 정체성을 형성하기 위해 청소년기의 발달 특징을 자신의 발달 특징과 연결 지어 자신을 총체적으로 이해한다.
기술가정,중학교,1학년,9기가01-02,"청소년기 또래 문화의 특징을 이해하고, 친구 관계에서 발생하는 문제를 분석하여 건강한 친구 관계를 유지하기 위한 방안을 제안한다."
기술가정,중학교,1학년,9기가01-03,"건강과 성장을 위한 청소년기 영양의 중요성을 이해하여 자신의 식생활을 평가하고, 식생활 문제를 개선하여 건강한 식생활을 실천한다."
기술가정,중학교,1학년,9기가01-04,의복디자인 요소를 고려한 자기이미지에 맞는 옷차림으로 자신을 긍정적으로 표현한다.
기술가정,중학교,1학년,9기가01-05,"청소년기의 건강한 발달을 위협하는 스트레스, 분노, 우울 등의 여러 가지 행동 및 심리 문제의 원인을 분석하고, 적응 유연성을 기를 수 있는 다양한 예방 및 해결방안을 탐색하여 적용한다."
기술가정,중학교,2학년,9기가01-06,"가족 관계에서 발생하는 갈등의 원인과 배경을 분석하고, 효과적인 의사소통을 통해 가족 간의 갈등 해결 방안을 탐색하여 실천한다."
기술가정,중학교,2학년,9기가01-07,"자기 이해를 기반으로 전 생애적 관점에서 진로 설계의 중요성을 인식하고, 자기 적성에 맞는 진로를 설계한다."
기술가정,중학교,1학년,9기가01-08,"성적 자기 결정권의 중요성을 이해하고, 성인지 감수성과 건강한 성 가치관을 함양하여 상호 존중의 관계를 실천할 수 있는 방안을 탐색한다."
기술가정,중학교,1학년,9기가01-09,"일상생활 및 가상공간에서 만나는 또래와 건강한 관계를 형성하고, 다양한 주변인들과 친밀한 세대 간 관계를 형성하는 방안을 탐색하여 실천한다."
기술가정,중학교,2학년,9기가01-10,"다양한 현대 가족에 내재된 가족생활의 보편성과 고유한 가치를 존중하는 동시에 가족에 대한 유연한 태도를 길러, 뉴노멀 사회에서의 새로운 가족문화를 탐색한다."
기술가정,중학교,2학년,9기가01-11,"대인 관계에서 발생하는 갈등의 원인과 배경을 분석하고, 효과적인 의사소통을 통해 갈등을 해결하는 방안을 탐색하여 이를 적용한다."
기술가정,중학교,2학년,9기가01-12,"성폭력과 가정폭력의 사회·구조적인 원인과 영향을 분석하고, 다양한 문제 상황을 중심으로 이를 대처하고 지원하는 방안을 탐색한다."
기술가정,중학교,1학년,9기가02-01,"생활자원의 종류와 특성 및 순환과정을 이해하고, 의식주 자원관리의 중요성을 인식한다."
기술가정,중학교,2학년,9기가02-02,"영양 섭취 기준과 식사 구성안을 고려하여 균형 잡힌 식사를 계획하고, 가족의 요구를 분석하여 식사를 선택한 후 평가한다."
기술가정,중학교,1학년,9기가02-03,"의복 디자인의 요소를 적용한 개성 있는 옷차림을 통해 자신을 긍정적으로 표현하고, 타인을 배려하는 의생활을 실천한다."
기술가정,중학교,1학년,9기가02-04,"의복 마련에 필요한 요소를 분석하여 의복 마련 계획을 세우고, 의복의 형태와 종류를 선택한다."
기술가정,중학교,1학년,9기가02-05,의복 재료의 특성을 이해하고 건강과 환경을 고려한 의복의 세탁과 관리 방안을 탐색하여 실천한다.
기술가정,중학교,1학년,9기가02-06,"지속가능성을 고려하여 의복 마련 계획을 세우고, 이를 창의적이고 친환경적인 의생활에 적용한다."
기술가정,중학교,1학년,9기가02-07,"청소년의 건강을 위협하는 다양한 원인을 분석하고, 이를 해결하고 예방하는 방안을 탐색하여 실생활에 적용한다."
기술가정,중학교,1학년,9기가02-08,"생활공간으로서 주거환경의 조건을 분석하고, 쾌적하고 안전한 주거 관리 방안을 탐색하여 실생활에 적용한다."
기술가정,중학교,2학년,9기가02-09,효율적인 주거 공간 구성 방안을 탐색하여 자신의 생활에 적합한 주거 공간 구성에 활용한다.
기술가정,중학교,2학년,9기가02-10,"가족의 건강과 환경을 고려한 식품 선택의 중요성을 이해하고, 식품을 안전하게 관리하고 보관하는 방법을 탐색하여 실생활에 활용한다."
기술가정,중학교,2학년,9기가02-11,"가족 구성원의 요구, 영양적 균형을 고려한 한 끼 식사를 계획하고, 위생과 안전을 고려하여 조리한 후 평가한다."
기술가정,중학교,1학년,9기가02-12,청소년 소비자의 특성을 이해하고 소비자 의사 결정 과정을 통한 합리적인 소비생활을 실천한다.
기술가정,중학교,1학년,9기가02-13,"책임 있는 소비자로서 소비자의 권리와 역할을 인식하고, 소비생활에서 발생하는 소비자 문제와 해결 방안을 탐색하여 소비생활에 적용한다."
기술가정,중학교,1학년,9기가03-01,"기술의 의미와 특성을 이해하고 기술의 발달에 따른 사회의 변화를 파악하며, 미래의 기술과 사회의 변화를 평가하고 예측함으로써 기술에 대한 가치를 인식한다."
기술가정,중학교,1학년,9기가03-02,"기술의 표준화, 적정 기술과 같은 기술 활용 사례를 탐구하고, 기술이 사회에 미치는 영향을 바르게 인식하여 기술 혁신과 사회 발전에 참여하는 태도를 갖는다."
기술가정,중학교,1학년,9기가03-03,"기술적 문제 해결 과정의 이해를 바탕으로 문제를 확인하고, 정보를 수집하며, 확산적 사고와 수렴적 사고를 통해 해결방안을 탐색하고 대안을 선정한다."
기술가정,중학교,1학년,9기가03-04,"청소년기 소비 성향과 소비 환경을 이해하고, 구매 의사 결정 과정을 통해 합리적인 소비 생활을 실천한다."
기술가정,중학교,1학년,9기가03-05,"발명의 개념을 이해하고, 발명 문제 해결 과정을 바탕으로 발명 활동을 체험하여 창조에 대한 자신감을 갖고 발명이 사회에 미친 영향과 가치를 인식한다."
기술가정,중학교,1학년,9기가03-06,"지식재산권의 종류와 특징을 이해하고, 지식재산과 관련한 다양한 사례 조사 및 체험을 통해 지식재산권의 창출, 보호, 활용을 이해하고 실천한다."
기술가정,중학교,2학년,9기가03-07,일 · 가정을 양립하는 과정에서 나타날 수 있는 문제를 개인 및 사회 · 문화적 차원에서 비판적으로 분석하여 해결 방안을 제안한다.
기술가정,중학교,2학년,9기가03-08,생애 설계의 중요성을 이해하고 생애주기별 발달 과업을 중심으로 자신의 생애를 설계하고 평가한다.
기술가정,중학교,1학년,9기가03-09,제품의 제작 순서를 이해하고 올바른 도구를 선택하여 제품을 안전하게 제작하고 평가한다.
기술가정,중학교,2학년,9기가03-10,"친환경 에너지 자원의 특성을 이해하고, 종류와 활용 사례를 조사하여 친환경 에너지 개발의 중요성을 인식한다."
기술가정,중학교,2학년,9기가03-11,에너지와 관련된 문제를 발견하고 창의적인 해결방안을 탐색하여 실현하고 평가한다.
기술가정,중학교,2학년,9기가03-12,다양한 수송 수단과 물류 체제를 이해하고 발달과정 및 특징과 혁신적인 활용 사례를 조사하여 수송 분야의 발달을 전망한다.
기술가정,중학교,2학년,9기가03-13,수송 수단 및 물류 체제와 관련된 문제를 이해하고 해결방안을 탐색하여 실현하고 평가한다.
기술가정,중학교,1학년,9기가04-01,"건설기술의 개념 및 발달과정, 건설 구조물의 종류와 특성을 이해하고, 건설 구조물의 혁신사례를 탐구함으로써 건설기술의 중요성을 인식한다."
기술가정,중학교,1학년,9기가04-02,"건설 구조물의 종류에 따른 계획, 설계, 시공, 유지관리 방법을 탐구하고 건설과정의 중요성을 이해하며 건설 구조물의 가치를 인식한다."
기술가정,중학교,1학년,9기가04-03,"제조 기술의 특징과 발달 과정, 재료의 특성과 이용을 설명하고 제조 기술의 발달 전망을 예측한다."
기술가정,중학교,1학년,9기가04-04,"제조 기술과 관련된 문제를 이해하고, 해결책을 창의적으로 탐색하고 실현하며 평가한다."
기술가정,중학교,1학년,9기가04-05,건설 기술 시스템의 의미와 단계별 세부 요소를 이해하고 건설 구조물의 생산 과정을 구체적으로 설명한다.
기술가정,중학교,1학년,9기가04-06,건설 기술의 특징과 발달 과정을 이해하고 최신 건설 기술을 탐색하여 건설 기술의 발달 전망을 예측한다.
기술가정,중학교,1학년,9기가04-07,"건설 기술과 관련된 문제를 이해하고, 해결책을 창의적으로 탐색하고 실현하며 평가한다."
기술가정,중학교,2학년,9기가04-08,생명 기술 시스템의 각 단계별 세부 요소 및 생명 기술의 활용 분야를 이해하고 생명 기술의 발달을 예측한다.
기술가정,중학교,2학년,9기가04-09,생명 기술의 특징을 이해하고 생명 기술의 발달이 개인과 사회에 미치는 영향을 구체적으로 설명한다.
기술가정,중학교,2학년,9기가04-10,"인간의 건강과 생명 연장을 위해 의료 분야에서 활용되는 생명기술 사례를 조사하고, 생명기술이 개인과 사회에 미친 영향을 평가한다."
기술가정,중학교,2학년,9기가04-11,"수송 수단의 안전한 이용 방법을 알고, 사고 원인과 예방 및 대처 방법을 조사하고 실천한다."
기술가정,중학교,2학년,9기가04-12,기술적 문제에 대한 도전적 태도로 다양한 분야에 활용되고 있는 융합 기술의 사례를 탐구하고 미래의 기술 변화를 전망한다.
기술가정,중학교,2학년,9기가04-13,"신재생 에너지의 활용을 이해하고 신재생 에너지 개발의 중요성을 인식해, 효율적인 에너지 이용 방안을 제안한다."
기술가정,중학교,2학년,9기가04-14,에너지와 관련된 문제를 이해하고 해결책을 창의적으로 탐색하고 실현하며 평가한다.
기술가정,중학교,2학년,9기가04-15,정보 기술 시스템의 각 단계별 세부 요소를 이해하고 정보의 통신 과정을 구체적으로 설명한다.
기술가정,중학교,2학년,9기가04-16,"정보 통신 기술의 특성, 발달 과정을 이해하고, 현대 정보 통신 기술의 특징을 설명한다."
기술가정,중학교,2학년,9기가04-17,다양한 통신 매체의 종류와 특징을 이해하고 활용한다.
기술가정,중학교,2학년,9기가04-18,"정보 통신 기술과 관련된 문제를 이해하고, 해결책을 창의적으로 탐색하고 실현하며 평가한다."
기술가정,중학교,1학년,9기가05-01,"기술의 발달에 따른 사회, 가정, 직업의 변화를 이해하고 미래 기술 활용 및 사회의 변화에 대해 예측한다."
기술가정,중학교,1학년,9기가05-02,가정과 사회의 변화에 따른 안전 사항에 대해 조사하고 예방 및 대처 방안에 대해 이해한다.
기술가정,중학교,1학년,9기가05-03,일상생활에서 사용되는 제품들이 기술적 문제 해결 과정을 통해 개발되고 발전하고 있음을 이해한다.
기술가정,중학교,1학년,9기가05-04,"발명의 개념, 특징을 이해하고 지식 재산권 침해 사례를 분석하고 발표한다."
기술가정,중학교,1학년,9기가05-05,특허의 개념을 이해하고 지식 재산권 침해 사례를 분석하고 발표한다.
기술가정,중학교,1학년,9기가05-06,생활 속 문제를 찾아 아이디어를 구상하고 확산적 · 수렴적 사고 기법을 활용하여 창의적으로 해결한다.
기술가정,중학교,1학년,9기가05-07,"표준의 개념과 중요성을 알고 표준화의 영향을 분석하고, 평가한다."
기술가정,중학교,1학년,9기가05-08,표준화가 되어 있지 않아 불편한 사례를 찾아 해결 방안을 탐색하고 실현하며 평가한다.
기술가정,중학교,2학년,9기가05-09,적정 기술과 지속 가능 발전의 의미를 이해하고 적정 기술 체험 활동을 통해 문제를 창의적으로 탐색하고 실현하고 평가한다.
도덕,중학교,1학년,9도01-01,"자신의 삶과 가치관에 대한 성찰을 통해 자아를 올바로 이해하고, 삶에서 도덕이 필요한 이유에 근거하여 도덕적인 삶에 대한 의지를 기른다."
도덕,중학교,1학년,9도01-02,"일상에서 발생하는 부도덕한 행동의 여러 원인을 분석하고, 도덕적 인격이 갖추어야 할 특성들을 파악하여 이를 내면화하는 의지를 기른다."
도덕,중학교,1학년,9도01-03,"행복에 관한 심리적, 사회적, 윤리적 접근 등을 통해 행복의 의미를 종합적으로 파악하고, 삶의 목적과 행복의 관계를 정립할 수 있다."
도덕,중학교,1학년,9도01-04,"옳고 그름을 분별할 수 있는 도덕적 기준을 탐구하고, 도덕적 상상력을 바탕으로 일상의 도덕 문제들에 도덕적 추론을 적용할 수 있다."
도덕,중학교,1학년,9도01-05,"행복한 삶을 위해 좋은 습관과 건강의 필요성을 설명하고, 정서적 건강과 사회적 건강을 가꾸기 위한 방안을 제시하고 실천 의지를 함양할 수 있다."
도덕,중학교,1학년,9도02-01,"정서적, 배려적 공동체로서 가정의 특성과 도덕적 기능을 파악하고, 가정에서 발생하는 갈등을 공감적인 소통과 민주적인 과정을 통해 해소하는 의지를 기른다."
도덕,중학교,1학년,9도02-02,"친구의 의미와 가치를 삶의 맥락 속에서 탐구하고, 서로를 인격적으로 존중하는 친구 관계를 상상하며 이를 실현하는 의지를 기른다."
도덕,중학교,1학년,9도02-03,"성과 사랑의 다양한 의미를 이해하고, 청소년기의 성 문제를 도덕적 시각에서 평가하며, 일상생활에서 이성 친구에 대한 예절을 지키는 실천 방법을 제시할 수 있다."
도덕,중학교,1학년,9도02-04,"이웃의 종류를 구분해 보고, 공동체 속에서 이웃을 배려하고 봉사하기 위해 타인의 관점을 채택해 보고, 이를 실천하기 위한 구체적인 방법을 제시할 수 있다."
도덕,중학교,1학년,9도02-05,"다양한 갈등 상황을 평화적으로 해결할 수 있는 방안을 모색하고, 폭력의 유형과 원인, 결과에 대한 분석을 바탕으로 일상의 폭력 상황에 대한 대처 능력을 기른다."
도덕,중학교,1학년,9도02-06,"청소년기의 바람직한 성윤리를 탐구하여 내면화하고, 사회?문화적 차원에서 성의 의미를 파악하여 성에 대한 편견의 문제점을 분석하고 이를 바로잡는 의지를 기른다."
도덕,중학교,2학년,9도02-07,"폭력의 결과를 상상해 보고 그것에 내재한 비도덕성을 지적할 수 있고, 일상생활에서 일어나는 폭력 상황에 민감하게 반응하고 대처하는 능력을 가질 수 있다."
도덕,중학교,1학년,9도03-01,"인권을 존중해야 하는 도덕적 이유를 정당화하고, 인권 침해 사례에 대한 탐구를 통해 그 원인과 해결 방안을 도출함으로써 인권 감수성을 기른다."
도덕,중학교,1학년,9도03-02,"외집단에 대한 편견을 비판적으로 분석하고, 타문화?타종교?타인종을 존중해야 하는 이유에 근거하여 차이와 다양성에 대한 열린 마음을 기른다."
도덕,중학교,1학년,9도03-03,"세계 시민으로서 요구되는 도덕적 가치를 이해하고, 지구 공동체에서 일어나느 다양한 도덕 문제를 인식하며, 이러한 문제를 개선하려는 참여적 태도를 가지는 등 세계 시민 윤리 의식을 함양할 수 있다."
도덕,중학교,2학년,9도03-04,"정의로운 사회를 상상해보고, 이를 실현할 수 있는 정의의 원칙과 제도에 대한 다양한 의견들을 민주적인 방식으로 종합할 수 있다."
도덕,중학교,2학년,9도03-05,"국가와 시민 사이에서 발생하는 윤리적 쟁점들을 탐구하고, 국가와 시민 사이의 바람직한 관계에 기초하여 국가와 시민의 역할을 재구성할 수 있다."
도덕,중학교,1학년,9도03-06,"인류의 고통에 공감하며 지구적 차원의 다양한 도덕 문제들을 탐구하고, 해결 방안을 모색하여 실천하는 자세를 갖는다."
도덕,중학교,2학년,9도03-07,"현대 과학기술과 관련된 윤리적 쟁점의 분석을 통해 과학기술의 유용성과 한계를 인식하고, 과학기술의 바람직한 활용에 관한 관심과 책임 의식을 기른다."
도덕,중학교,2학년,9도04-01,"인간 이외의 생명체를 도덕적으로 고려해야 하는 이유를 정당화하고, 생명을 가진 존재들이 겪는 고통에 공감하며 생명을 소중히 여기는 태도를 기른다."
도덕,중학교,2학년,9도04-02,"과학 기술이 현대인의 삶에 미치는 긍정적인 영향과 가치를 설명하고, 동시에 과학 기술이 지닌 문제점과 한계를 열거하며, 과학 기술의 바람직한 활용 방안을 제시할 수 있다."
도덕,중학교,2학년,9도04-03,삶과 죽음의 문제를 도덕적으로 성찰하고 평정심을 추구하며 자신의 삶의 의미를 구성할 수 있다.
사회,고등학교,1학년,10(통사)01-01,"시간적, 공간적, 사회적, 윤리적 관점의 특징을 이해하고, 이를 바탕으로 인간, 사회, 환경의 탐구에 통합적 관점이 요청되는 이유를 파악한다."
사회,고등학교,1학년,10(통사)01-02,"사례를 통해 시대와 지역에 따라 다르게 나타나는 행복의 기준을 비교하여 평가하고, 삶의 목적으로서 행복의 의미를 성찰한다."
사회,고등학교,1학년,10(통사)01-03,"행복한 삶을 실현하기 위한 조건으로 질 높은 정주 환경의 조성, 경제적 안정, 민주주의의 발전 및 도덕적 실천이 필요함을 설명한다."
사회,고등학교,1학년,10(통사)02-01,"자연환경이 인간의 생활에 미치는 영향에 관한 과거와 현재의 사례를 조사하여 분석하고, 안전하고 쾌적한 환경 속에서 살아갈 시민의 권리에 대해 파악한다."
사회,고등학교,1학년,10(통사)02-02,"자연에 대한 인간의 다양한 관점을 사례를 통해 설명하고, 인간과 자연의 바람직한 관계에 대해 제안한다."
사회,고등학교,1학년,10(통사)02-03,"환경 문제 해결을 위한 정부, 시민사회, 기업 등의 다양한 노력을 조사하고, 개인적 차원의 실천 방안을 모색한다."
사회,고등학교,1학년,10(통사)03-01,"산업화, 도시화로 인해 나타난 생활공간과 생활양식의 변화 양상을 조사하고, 이에 따른 문제점을 해결하기 위한 방안을 제안한다."
사회,고등학교,1학년,10(통사)03-02,"교통·통신의 발달과 정보화로 인해 나타난 생활공간과 생활양식의 변화 양상을 조사하고, 이에 따른 문제점을 해결하기 위한 방안을 제안한다."
사회,고등학교,1학년,10(통사)03-03,자신이 거주하는 지역을 사례로 공간 변화가 초래한 양상 및 문제점을 파악하고 이를 해결하기 위한 방안을 제안한다.
사회,고등학교,1학년,10(통사)04-01,"근대 시민 혁명 등을 통해 확립되어 온 인권의 의미와 변화 양상을 이해하고, 현대 사회에서 주거, 안전, 환경 등 다양한 영역으로 인권이 확장되고 있는 사례를 조사한다."
사회,고등학교,1학년,10(통사)04-02,"인간 존엄성 실현과 인권 보장을 위한 헌법의 역할을 파악하고, 준법 의식과 시민 참여의 필요성에 대해 탐구한다."
사회,고등학교,1학년,10(통사)04-03,"사회적 소수자 차별, 청소년의 노동권 등 국내 인권 문제와 인권지수를 통해 확인할 수 있는 세계 인권 문제의 양상을 조사하고 이에 대한 해결 방안을 제시한다."
사회,고등학교,1학년,10(통사)05-01,"자본주의의 역사적 전개 과정과 그 특징을 조사하고, 시장경제에서 합리적 선택의 의미와 그 한계를 파악한다."
사회,고등학교,1학년,10(통사)05-02,"시장경제의 원활한 작동과 발전을 위해 요청되는 정부, 기업가, 노동자, 소비자의 바람직한 역할에 대해 설명한다."
사회,고등학교,1학년,10(통사)05-03,"자원, 노동, 자본의 지역 분포에 따른 국제 분업과 무역의 필요성을 이해하고, 무역의 확대가 우리 삶에 어떤 영향을 끼치는지 사례를 통해 탐구한다."
사회,고등학교,1학년,10(통사)05-04,안정적인 경제생활을 위해 금융 자산의 특징과 자산 관리의 원칙을 파악하고 이를 토대로 생애 주기별 금융 생활을 설계한다.
사회,고등학교,1학년,10(통사)06-01,"정의가 요청되는 이유를 파악하고, 정의의 의미와 실질적 기준을 탐구한다."
사회,고등학교,1학년,10(통사)06-02,"다양한 정의관의 특징을 파악하고, 이를 구체적인 사례에 적용하여 평가한다."
사회,고등학교,1학년,10(통사)06-03,"사회 및 공간 불평등 현상의 사례를 조사하고, 정의로운 사회를 만들기 위한 다양한 제도와 실천 방안을 탐색한다."
사회,고등학교,1학년,10(통사)07-01,자연환경과 인문환경의 영향을 받아 형성된 다양한 문화권의 특징과 삶의 방식을 탐구한다.
사회,고등학교,1학년,10(통사)07-02,"문화 변동의 다양한 양상을 이해하고, 현대사회에서 전통문화가 갖는 의의를 파악한다."
사회,고등학교,1학년,10(통사)07-03,"문화적 차이에 대한 상대주의적 태도의 필요성을 이해하고, 보편 윤리의 차원에서 자문화와 타문화를 성찰한다."
사회,고등학교,1학년,10(통사)07-04,"다문화 사회에서 나타날 수 있는 갈등을 해결하기 위한 방안을 모색하고, 문화적 다양성을 존중하는 태도를 갖는다."
사회,고등학교,1학년,10(통사)08-01,"세계화 양상을 다양한 측면에서 파악하고, 세계화 시대에 나타나는 문제를 조사하여 이를 해결하기 위한 방안을 제안한다."
사회,고등학교,1학년,10(통사)08-02,"국제 갈등과 협력의 사례를 통해 국제 사회의 행위 주체의 역할을 파악하고, 평화의 중요성을 인식한다."
사회,고등학교,1학년,10(통사)08-03,"남북 분단과 동아시아의 역사 갈등 상황을 분석하고, 우리나라가 국제 사회의 평화에 기여할 수 있는 방안을 탐구한다."
사회,고등학교,1학년,10(통사)09-01,"세계의 인구 분포와 구조 등에 대한 자료 분석을 통해 현재와 미래의 인구 문제 양상을 파악하고, 그 해결 방안을 제안한다."
사회,고등학교,1학년,10(통사)09-02,"지구적 차원에서 사용 가능한 자원의 분포와 소비 실태를 파악하고, 지속가능한 발전을 위한 개인적 노력과 제도적 방안을 탐구한다."
사회,고등학교,1학년,10(통사)09-03,"미래 지구촌의 모습을 다양한 측면에서 예측하고, 이를 바탕으로 자신의 미래 삶의 방향을 설정한다."
사회,초등학교,3학년,4사01-01,"우리 마을 또는 고장의 모습을 자유롭게 그려 보고, 서로 비교하여 공통점과 차이점을 찾아 고장에 대한 서로 다른 장소감을 탐색한다."
사회,초등학교,3학년,4사01-02,"디지털 영상 지도 등을 활용하여 주요 지형지물들의 위치를 파악하고, 백지도에 다시 배치하는 활동을 통하여 마을 또는 고장의 실제 모습을 익힌다."
사회,초등학교,3학년,4사01-03,고장과 관련된 옛이야기를 통하여 고장의 역사적인 유래와 특징을 설명한다.
사회,초등학교,3학년,4사01-04,고장에 전해 내려오는 대표적인 문화유산을 살펴보고 고장에 대한 자긍심을 기른다.
사회,초등학교,3학년,4사01-05,옛날과 오늘날의 교통수단에 관한 자료를 바탕으로 하여 교통수단의 발달에 따른 생활 모습의 변화를 설명한다.
사회,초등학교,3학년,4사01-06,옛날과 오늘날의 통신수단에 관한 자료를 바탕으로 하여 통신수단의 발달에 따른 생활 모습의 변화를 설명한다.
사회,초등학교,3학년,4사02-01,"일상 속에서 시간의 흐름을 경험할 수 있는 사례를 살펴보고, 이를 바탕으로 역사의 시간 개념을 이해한다."
사회,초등학교,3학년,4사02-02,"우리 고장과 다른 고장 사람들의 의식주 생활 모습을 비교하여, 환경의 차이에 따른 생활 모습의 다양성을 탐구한다."
사회,초등학교,3학년,4사02-03,지역의 변화상을 보여주는 역사 자료를 분석하여 지역 사람들의 달라진 생활 모습을 파악한다.
사회,초등학교,3학년,4사02-04,"옛날의 세시 풍속을 알아보고, 오늘날의 변화상을 탐색하여 공통점과 차이점을 분석한다."
사회,초등학교,3학년,4사02-05,"옛날과 오늘날의 혼인 풍습과 가족 구성을 비교하고, 시대별 가족의 모습과 가족 구성원의 역할 변화를 탐색한다."
사회,초등학교,3학년,4사02-06,현대의 여러 가지 가족 형태를 조사하여 가족의 다양한 삶의 모습을 존중하는 태도를 기른다.
사회,초등학교,4학년,4사03-01,"최근 사회 변화의 양상과 특징을 파악하고, 그로 인해 나타난 생활모습의 변화를 탐색한다."
사회,초등학교,4학년,4사03-02,"우리 사회에 다양한 문화가 확산되면서 나타나는 긍정적 효과와 문제를 분석하고, 나와 다른 사람이나 집단의 문화를 존중하는 태도를 기른다."
사회,초등학교,4학년,4사03-03,"우리 지역을 대표하는 유·무형의 문화유산을 알아보고, 지역의 문화유산을 소중히 여기는 태도를 갖는다."
사회,초등학교,4학년,4사03-04,"우리 지역과 관련된 역사적 인물의 삶을 알아보고, 지역의 역사에 대해 자부심을 갖는다."
사회,초등학교,4학년,4사03-05,"우리 지역에 있는 공공 기관의 종류와 역할을 조사하고, 공공 기관이 지역 주민들의 생활에 주는 도움을 탐색한다."
사회,초등학교,4학년,4사03-06,"주민 참여를 통해 지역 문제를 해결하는 방안을 살펴보고, 지역 문제의 해결에 참여하는 태도를 기른다."
사회,초등학교,3학년,4사04-01,"옛날 풍습에 대해 알아보고, 오늘날과 비교하여 변화상을 파악한다."
사회,초등학교,3학년,4사04-02,옛날부터 오늘날까지 교통의 변화에 따른 이동과 생활 모습의 변화를 이해한다.
사회,초등학교,3학년,4사04-03,옛날부터 오늘날까지 통신수단의 변화에 따른 정보 교류와 의사소통 방식의 변화를 설명한다.
사회,초등학교,4학년,4사04-04,"우리 지역과 다른 지역의 물자 교환 및 교류 사례를 조사하여, 지역 간 경제활동이 밀접하게 관련되어 있음을 탐구한다."
사회,초등학교,4학년,4사04-05,"사회 변화(저출산·고령화, 정보화, 세계화 등)로 나타난 일상생활의 모습을 조사하고, 그 특징을 분석한다."
사회,초등학교,4학년,4사04-06,"우리 사회에 다양한 문화가 확산되면서 생기는 문제(편견, 차별 등) 및 해결 방안을 탐구하고, 다른 문화를 존중하는 태도를 기른다."
사회,초등학교,4학년,4사05-01,"우리 지역을 표현한 다양한 종류의 지도를 찾아보고, 지도의 요소를 이해한다."
사회,초등학교,3학년,4사05-02,"지도에서 우리 지역의 위치를 파악하고, 우리 지역의 지리 정보를 탐색한다."
사회,초등학교,3학년,4사06-01,"지역의 문화유산을 통해 문화유산의 의미와 유형을 알아보고, 문화유산의 가치를 탐색한다."
사회,초등학교,4학년,4사06-02,"지역의 박물관, 기념관, 유적지 등을 체험하고 지역의 역사를 이해한다."
사회,초등학교,4학년,4사07-01,"자원의 희소성으로 인해 경제활동에서 선택의 문제가 발생함을 이해하고, 경제활동에서 합리적 선택의 방법을 탐색한다."
사회,초등학교,4학년,4사07-02,"생산과 소비 활동을 파악하고, 인적?물적 교류의 사례를 통해 각 지역 및 사람들이 상호의존 관계를 맺고 있음을 탐색한다."
사회,초등학교,4학년,4사08-02,"지역에서 이루어지는 민주주의 사례를 통해 주민 자치와 주민 참여의 중요성을 파악하고, 지역사회의 문제 해결에 참여하는 태도를 기른다."
사회,초등학교,4학년,4사10-01,"여러 지역의 자연환경과 인문환경의 특징을 살펴보고, 환경의 이용과 개발에 따른 변화를 탐구한다."
사회,초등학교,5학년,4사10-02,"사례에서 도시의 인구, 교통, 산업 등의 특징을 탐구하고, 도시에서의 삶의 모습을 이해한다."
사회,초등학교,5학년,6사01-01,"우리나라 산지, 하천, 해안 지형의 위치를 확인하고 지형의 분포 특징을 탐구한다."
사회,초등학교,5학년,6사01-02,독도의 지리적 특성과 독도에 대한 역사 기록을 바탕으로 영토로서 독도의 중요성을 이해한다.
사회,초등학교,5학년,6사01-03,우리나라의 기후 환경 및 지형 환경에서 나타나는 특성을 탐구한다.
사회,초등학교,5학년,6사01-04,"우리나라 자연재해의 종류 및 대책을 탐색하고, 그와 관련된 생활 안전 수칙을 실천하는 태도를 지닌다."
사회,초등학교,5학년,6사01-05,우리나라의 인구 분포 및 구조에서 나타난 변화와 도시 발달 과정에서 나타난 특징을 탐구한다.
사회,초등학교,5학년,6사01-06,우리나라의 산업구조의 변화와 교통 발달 과정에서 나타난 특징을 탐구한다.
사회,초등학교,5학년,6사02-01,"우리나라의 계절별 기후 특징을 자료에서 탐구하고, 기후변화로 인한 자연재해의 심각성을 이해한다."
사회,초등학교,5학년,6사02-02,"우리나라의 지역별 인구 분포의 특징을 알아보고, 이에 따른 문제점과 해결 방안을 탐색한다."
사회,초등학교,5학년,6사02-03,"인권 보장 측면에서 헌법의 의미와 역할을 탐구하고, 그 중요성을 설명한다."
사회,초등학교,5학년,6사02-04,"헌법에서 규정하는 기본권과 의무가 일상생활에 적용된 사례를 조사하고, 권리와 의무의 조화를 추구하는 자세를 기른다."
사회,초등학교,5학년,6사02-05,"우리 생활 속에서 법이 적용되는 다양한 사례를 제시하고, 법의 의미와 성격을 설명한다."
사회,초등학교,5학년,6사02-06,"법의 역할을 권리 보호와 질서 유지의 측면에서 설명하고, 법을 준수하는 태도를 기른다."
사회,초등학교,5학년,6사03-01,"일상 사례에서 법의 의미와 역할을 이해하고, 헌법에 규정된 인권이 일상생활에서 구현되는 사례를 조사하여 인권 친화적 태도를 기른다."
사회,초등학교,5학년,6사03-02,"일상생활에서 인권이 침해되는 사례를 찾아 그 해결방안을 탐색하고, 인권을 보호하는 활동에 참여한다."
사회,초등학교,5학년,6사03-03,"고려를 세우고 외침을 막는 데 힘쓴 인물(왕건, 서희, 강감찬 등)의 업적을 통하여 고려의 개창과 외침 극복 과정을 탐색한다."
사회,초등학교,5학년,6사03-04,"고려청자와 금속 활자, 팔만대장경 등의 문화유산을 통하여 고려 시대 과학 기술과 문화의 우수성을 탐색한다."
사회,초등학교,5학년,6사03-05,"조선을 세우거나 문화 발전에 기여한 인물(이성계, 세종대왕, 신사임당 등)의 업적을 통해 조선 전기 정치와 민족문화의 발전상을 탐색한다."
사회,초등학교,5학년,6사03-06,"대표적인 유적지(행주산성, 남한산성 등)와 인물들(이순신과 곽재우, 김상헌과 최명길 등)의 활동을 통하여 임진왜란, 병자호란 등과 같은 국가적 위기의 극복 과정을 탐색한다."
사회,초등학교,5학년,6사04-01,선사 시대와 고조선의 유적과 유물을 활용하여 당시 사람들의 생활을 추론한다.
사회,초등학교,5학년,6사04-02,역사 기록이나 유적과 유물에 나타난 고대 사람들의 생각과 생활을 추론한다.
사회,초등학교,5학년,6사04-03,다양한 역사 자료를 활용하여 고려 시대 사회 모습과 사람들의 생활을 추론한다.
사회,초등학교,5학년,6사04-04,"광복을 위하여 힘쓴 인물(이회영, 김구, 유관순, 신채호 등)의 활동을 파악하고, 나라를 되찾기 위한 노력을 소중히 여기는 태도를 기른다."
사회,초등학교,5학년,6사04-05,"광복 이후 대한민국의 수립 과정을 살펴보고, 대한민국 수립의 의의를 파악한다."
사회,초등학교,5학년,6사04-06,"6·25 전쟁의 원인과 과정을 이해하고, 그 피해상과 영향을 탐구한다."
사회,초등학교,5학년,6사05-01,조선 시대 사람들의 생각과 생활에 유교 문화가 미친 영향을 파악한다.
사회,초등학교,5학년,6사05-02,조선 후기 사회·문화적 변화와 개항기 근대 문물 수용 과정에서 달라진 사람들의 생활을 이해한다.
사회,초등학교,6학년,6사05-03,"일상생활에서 경험하는 민주주의 실천 사례를 탐구하여 민주주의의 의미와 중요성을 파악하고, 생활 속에서 민주주의를 실천하는 태도를 기른다."
사회,초등학교,6학년,6사05-04,"민주적 의사 결정 원리(다수결, 대화와 타협, 소수 의견 존중 등)의 의미와 필요성을 이해하고, 이를 실제 생활 속에서 실천하는 자세를 지닌다."
사회,초등학교,6학년,6사05-05,"민주정치의 기본 원리(국민 주권, 권력 분립 등)를 이해하고, 그것이 적용된 다양한 사례를 탐구한다."
사회,초등학교,6학년,6사05-06,"국회, 행정부, 법원의 기능을 이해하고, 그것이 국민 생활에 미치는 영향을 다양한 사례를 통해 탐구한다."
사회,초등학교,5학년,6사06-01,일제의 식민 통치와 이에 대한 저항이 사회와 생활에 미친 영향을 이해한다.
사회,초등학교,5학년,6사06-02,8·15 광복과 6·25 전쟁이 사회와 생활에 미친 영향을 파악한다.
사회,초등학교,6학년,6사06-03,농업 중심 경제에서 공업·서비스업 중심 경제로 변화하는 모습을 중심으로 우리나라 경제성장 과정을 파악한다.
사회,초등학교,6학년,6사06-04,"광복 이후 경제성장 과정에서 우리 사회가 겪은 사회 변동의 특징과 다양한 문제를 살펴보고, 더 나은 사회를 만들기 위하여 해결해야 할 과제를 탐구한다."
사회,초등학교,6학년,6사06-05,세계 여러 나라와의 경제 교류 활동으로 나타난 우리 경제생활의 변화 모습을 탐구한다.
사회,초등학교,6학년,6사06-06,다양한 경제 교류 사례를 통해 우리나라 경제가 다른 나라와 상호 의존 및 경쟁 관계에 있음을 파악한다.
사회,초등학교,5학년,6사07-01,"분단으로 나타난 문제점과 분단과 관련된 장소를 평화의 장소로 만들려는 노력 등을 알아보고, 평화 통일을 위해 우리가 할 수 있는 일을 탐색한다."
사회,초등학교,5학년,6사07-02,"여러 시각 및 공간 자료를 활용하여 세계 주요 대륙과 대양의 위치 및 범위, 대륙별 주요 나라의 위치와 영토의 특징을 탐색한다."
사회,초등학교,5학년,6사07-03,"세계 주요 기후의 분포와 특성을 파악하고, 이를 바탕으로 하여 기후 환경과 인간 생활 간의 관계를 탐색한다."
사회,초등학교,5학년,6사07-04,"의식주 생활에 특색이 있는 나라나 지역의 사례를 조사하고, 이를 바탕으로 하여 인간 생활에 영향을 미치는 여러 자연적, 인문적 요인을 탐구한다."
사회,초등학교,5학년,6사07-05,"우리나라와 관계 깊은 나라들의 기초적인 지리 정보를 조사하고, 정치?경제?문화면에서 맺고 있는 상호 의존 관계를 탐구한다."
사회,초등학교,5학년,6사07-06,"이웃 나라들(중국, 일본, 러시아)의 자연적, 인문적 특성과 교류 현황을 조사하고, 이를 바탕으로 하여 상호 이해와 협력의 태도를 기른다."
사회,초등학교,5학년,6사08-01,"독도를 지키려는 조상들의 노력을 역사적 자료를 통하여 살펴보고, 독도의 위치 등 지리적 특성에 대한 이해를 바탕으로 하여 영토주권 의식을 기른다."
사회,초등학교,5학년,6사08-02,"남북통일을 위한 노력을 살펴보고, 지구촌 평화에 기여하는 통일 한국의 미래상을 그려 본다."
사회,초등학교,5학년,6사08-03,지구촌의 평화와 발전을 위협하는 다양한 갈등 사례를 조사하고 그 해결 방안을 탐색한다.
사회,초등학교,5학년,6사08-04,"지구촌의 평화와 발전을 위해 노력하는 다양한 행위 주체(개인, 국가, 국제기구, 비정부 기구 등)의 활동 사례를 조사한다."
사회,초등학교,5학년,6사08-05,"지구촌의 주요 환경문제를 조사하여 해결 방안을 탐색하고, 환경문제 해결에 협력하는 세계시민의 자세를 기른다."
사회,초등학교,5학년,6사08-06,"지속가능한 미래를 건설하기 위한 과제(친환경적 생산과 소비 방식 확산, 빈곤과 기아 퇴치, 문화적 편견과 차별 해소 등)를 조사하고, 세계시민으로서 이에 적극 참여하는 방안을 모색한다."
사회,초등학교,5학년,6사09-01,"세계를 표현하는 다양한 공간 자료의 특징을 이해하고, 지구본과 세계지도에서 위치를 표현하는 방법을 익힌다."
사회,초등학교,5학년,6사09-02,"세계 주요 대륙과 대양을 파악하고, 우리나라 및 세계 여러 국가의 위치와 영토의 특징을 이해한다."
사회,초등학교,5학년,6사10-01,"세계의 여러 지역의 지형 경관을 살펴보고, 이를 통해 다양한 삶의 모습을 이해한다."
사회,초등학교,6학년,6사11-01,"시장경제에서 가계와 기업의 역할을 이해하고, 근로자의 권리와 기업의 자유 및 사회적 책임을 탐색한다."
사회,초등학교,6학년,6사11-02,"경제성장이 우리 생활에 미치는 영향을 파악하고, 빠른 경제성장으로 발생한 문제의 해결 방안을 탐색한다."
사회,초등학교,6학년,6사11-03,"사례를 통해 무역의 의미를 이해하고, 국가 간 무역이 발생하는 이유를 탐구한다."
사회,초등학교,5학년,6사12-01,세계의 인구 분포를 파악하고 여러 국가의 인구 특징을 탐구한다.
사회,초등학교,5학년,6사12-02,"지구촌을 위협하는 다양한 문제들을 파악하고, 지속가능한 미래를 위한 해결 방안을 탐색한다."
사회,중학교,1학년,9사(일사)01-01,"사회화의 의미와 과정을 이해하고, 사회화 과정에서 청소년기에 나타나는 특징을 설명한다."
사회,중학교,1학년,9사(일사)01-02,"사회적 지위와 역할의 의미를 이해하고, 역할 갈등의 특징을 사례를 통하여 분석한다."
사회,중학교,1학년,9사(일사)01-03,"사회 집단의 의미를 이해하고, 사회 집단에서 나타나는 차별과 갈등의 사례와 이에 대한 해결 방안을 탐구한다."
사회,중학교,1학년,9사(일사)02-01,"문화의 의미를 이해하고, 문화가 가지는 특징을 사례를 통하여 분석한다"
사회,중학교,1학년,9사(일사)02-02,"문화를 바라보는 여러 가지 태도를 비교하고, 다른 문화들을 이해하기 위한 바람직한 태도를 가진다."
사회,중학교,1학년,9사(일사)02-03,"대중 매체와 대중문화의 의미와 특징을 이해하고, 대중문화를 비판적으로 평가하는 태도를 가진다."
사회,중학교,1학년,9사(일사)03-01,"정치의 의미와 기능을 이해하고, 정치 생활에서 국가와 시민이 수행하는 역할을 탐구한다."
사회,중학교,1학년,9사(일사)03-02,"민주 정치의 발전을 분석하고, 이를 토대로 민주주의의 이념과 민주 정치의 기본 원리를 도출한다."
사회,중학교,1학년,9사(일사)03-03,"민주주의를 구현하기 위한 정치 제도를 정부 형태(의원 내각제, 대통령제) 중심으로 탐구한다."
사회,중학교,1학년,9사(일사)04-01,"정치 과정의 의미를 이해하고, 정치 과정에 참여하는 다양한 정치 주체의 역할을 설명한다."
사회,중학교,1학년,9사(일사)04-02,"선거의 기능과 기본 원칙을 이해하고, 공정한 선거를 위한 제도 및 기관에 대하여 조사한다."
사회,중학교,1학년,9사(일사)04-03,"지방 자치 제도의 의미와 특징을 이해하고, 지역 사회의 문제를 해결하기 위한 시민 참여 활동을 조사한다."
사회,중학교,1학년,9사(일사)05-01,"법의 의미와 특징을 이해하고, 사례 분석을 통해 법의 목적을 탐구한다."
사회,중학교,1학년,9사(일사)05-02,"규율하는 생활 영역 중심으로 법을 공법, 사법, 사회법으로 구분하고, 사례 분석을 통해 각 영역의 특징을 탐구한다."
사회,중학교,1학년,9사(일사)05-03,"재판의 의미와 종류(민사 재판, 형사 재판)를 이해하고, 공정한 재판을 위한 제도를 분석한다."
사회,중학교,1학년,9사(일사)06-01,"사회 변동의 의미를 이해하고, 현대 사회의 변동 양상과 문제점을 분석한다."
사회,중학교,1학년,9사(일사)06-02,"한국 사회 변동의 최근 경향을 이해하고, 이에 대한 대응 방안을 탐구한다."
사회,중학교,1학년,9사(일사)06-03,"현대의 주요한 사회 문제를 조사하고, 이에 대한 해결 방안을 탐구한다."
사회,중학교,2학년,9사(일사)07-01,"인권 보장의 중요성을 이해하고, 우리나라 헌법에서 보장하고 있는 기본권의 종류, 기본권 제한의 내용과 한계를 탐구한다."
사회,중학교,2학년,9사(일사)07-02,"일상생활에서 인권이 침해되는 사례를 분석하고, 국가 기관에 의한 구제 방법을 조사한다."
사회,중학교,2학년,9사(일사)07-03,"헌법에 보장된 근로자의 권리를 이해하고, 노동권 침해 사례와 구제 방법을 조사한다."
사회,중학교,2학년,9사(일사)08-01,"입법 기관으로서 국회의 위상을 이해하고, 국회의 주요 조직과 기능을 조사한다."
사회,중학교,2학년,9사(일사)08-02,"대통령의 지위와 권한을 이해하고, 행정부의 주요 조직과 기능을 조사한다."
사회,중학교,2학년,9사(일사)08-03,"법원의 주요 조직과 기능을 조사하고, 헌법재판소의 위상과 역할을 분석한다."
사회,중학교,2학년,9사(일사)09-01,"경제 활동에서 희소성으로 인한 합리적 선택의 필요성을 이해하고, 기본적인 경제 문제 해결을 위한 방식으로서 경제 체제의 특징을 분석한다."
사회,중학교,2학년,9사(일사)09-02,"자유 시장 경제에서 기업의 역할과 사회적 책임을 이해하고, 기업가 정신을 함양할 수 있는 태도를 갖는다."
사회,중학교,2학년,9사(일사)09-03,"일생 동안 이루어지는 경제생활을 조사하고, 경제적으로 지속 가능한 생활을 위한 금융 생활(자산 관리, 신용 관리)의 중요성을 이해한다."
사회,중학교,2학년,9사(일사)10-01,"시장의 의미와 종류를 이해하고, 다양한 시장의 예를 조사한다."
사회,중학교,2학년,9사(일사)10-02,"수요 법칙과 공급 법칙을 이해하고, 이를 토대로 시장 가격이 결정되는 원리를 도출한다."
사회,중학교,2학년,9사(일사)10-03,"상품 가격 이외에 수요와 공급을 변화시키는 요인을 이해하고, 이에 따른 시장 가격의 변동 과정을 분석한다."
사회,중학교,2학년,9사(일사)11-01,"국민 경제 지표로서 국내 총생산의 의미를 이해하고, 국내 총생산의 증가가 우리 생활에 미치는 영향을 설명한다."
사회,중학교,2학년,9사(일사)11-03,"국제 거래의 필요성을 이해하고, 이러한 교역 과정에서 환율이 결정되는 원리를 이해한다."
사회,중학교,2학년,9사(일사)12-01,"국제 사회의 특성을 이해하고, 국제 관계에 영향을 미치는 여러 행위 주체(국가, 국제기구, 다국적 기업 등)의 활동을 조사한다."
사회,중학교,2학년,9사(일사)12-02,"국제 사회에 존재하는 경쟁과 갈등, 협력의 다양한 모습을 이해하고, 국제 사회의 공존을 위한 노력을 외교 정책을 중심으로 탐구한다."
사회,중학교,2학년,9사(일사)12-03,"우리나라가 직면한 국가 간 갈등 문제를 국제 관계 속에서 인식하고, 이를 해결하기 위한 정부 및 시민 사회 활동을 조사한다."
사회,중학교,1학년,9사(지리)01-01,다양한 지도에 나타난 자연환경과 인문 환경의 위치와 분포 특징을 읽는다.
사회,중학교,1학년,9사(지리)01-02,"공간 규모에 맞게 위치를 표현하고, 위치의 차이가 인간 생활에 미친 영향을 설명한다."
사회,중학교,1학년,9사(지리)01-03,"지리 정보가 공간적 의사 결정에 미친 영향을 분석하고, 일상생활에서 지리 정보 기술을 다양하게 활용한다."
사회,중학교,1학년,9사(지리)02-01,"기온과 강수량 자료를 분석하여 이를 기준으로 세계 기후 지역을 구분하고, 인간 거주에 적합한 기후 조건에 대해 논의한다."
사회,중학교,1학년,9사(지리)02-02,"열대 우림 기후 지역의 위치를 확인하고, 열대 우림 기후 지역의 다양한 생활 모습을 조사하여 그 공통점과 차이점을 분석한다."
사회,중학교,1학년,9사(지리)02-03,"지중해성 기후와 서안 해양성 기후를 우리나라 기후와 비교하고, 이들 지역의 농업과 생활 모습을 조사한다."
사회,중학교,1학년,9사(지리)02-04,건조 기후와 툰드라 기후지역에서 살아가는 사람들이 기후 환경에 적응하거나 극복한 생활 모습을 조사한다.
사회,중학교,1학년,9사(지리)03-01,"세계적으로 유명한 산지 지형과 관련된 지역을 파악하고, 그 경관 특징과 형성 과정 및 그곳에서 살아가는 사람들의 독특한 생활 모습을 조사한다."
사회,중학교,1학년,9사(지리)03-02,"해안 지형으로 유명한 세계적 관광지를 선정하여 그 지형의 형성 과정을 파악하고, 관광 산업이 현지에 미친 영향을 평가한다."
사회,중학교,1학년,9사(지리)03-03,"우리나라의 세계 자연 유산과 매력적인 자연 경관을 조사하고, 그 경관 특징과 형성 과정을 탐구한다."
사회,중학교,1학년,9사(지리)04-01,"다양한 기준으로 문화 지역을 구분해 보고, 지역별로 문화적 차이가 발생하는 이유를 지역의 자연환경, 경제·사회적 환경의 관점에서 파악한다."
사회,중학교,1학년,9사(지리)04-02,"지역 간 문화 접촉과 문화 전파에 따른 문화 변용의 사례를 조사하고, 세계화가 문화 변용에 미친 영향을 평가한다."
사회,중학교,1학년,9사(지리)04-03,"서로 다른 문화가 공존하는 지역과 갈등이 있는 지역을 비교하여, 그 차이가 발생하는 이유를 분석한다."
사회,중학교,1학년,9사(지리)05-01,"자연재해가 빈번히 발생하는 지역을 조사하고, 그 이유를 설명한다."
사회,중학교,1학년,9사(지리)05-02,자연재해가 지역 주민의 삶에 미친 영향을 사례를 중심으로 탐구한다.
사회,중학교,1학년,9사(지리)05-03,"자연재해로 인한 피해가 증가하거나 감소한 지역을 비교하여, 자연재해로 인한 피해를 줄일 수 있는 방안을 모색한다."
사회,중학교,1학년,9사(지리)06-01,"자원 분포의 편재성과 자원 소비량의 지역적 차이를 파악하고, 이로 인하여 발생하는 국가 간 경쟁과 갈등을 조사한다."
사회,중학교,1학년,9사(지리)06-02,자원이 풍부한 지역을 사례로 자원이 그 지역 주민의 삶에 미친 영향을 평가한다.
사회,중학교,1학년,9사(지리)06-03,"지속 가능한 자원의 개발 사례를 조사하고, 그것의 긍정적·부정적 효과를 평가한다."
사회,중학교,2학년,9사(지리)07-01,"세계 및 우리나라의 인구 분포 특징을 파악하고, 이에 영향을 미치는 지리적 요인을 탐구한다."
사회,중학교,2학년,9사(지리)07-02,"인구 이동의 다양한 요인을 조사하고, 인구 유입 지역과 인구 유출 지역의 특징과 문제점을 분석한다."
사회,중학교,2학년,9사(지리)07-03,"우리나라를 포함한 선진국과 개발 도상국의 인구 문제를 비교하여 분석하고, 그 원인과 대책을 논의한다."
사회,중학교,2학년,9사(지리)08-01,세계적으로 유명하거나 매력적인 도시의 위치와 특징을 조사한다.
사회,중학교,2학년,9사(지리)08-02,도시 중심부에서 주변 지역으로 나가면서 관찰되는 경관과 지가의 변화를 분석한다.
사회,중학교,2학년,9사(지리)08-03,"선진국과 개발 도상국의 도시화 과정을 비교하고, 선진국과 개발 도상국의 도시 문제를 탐구한다."
사회,중학교,2학년,9사(지리)08-04,"도시 문제를 해결하여 살기 좋은 도시로 변화된 사례를 조사하고, 살기 좋은 도시가 갖추어야 할 조건을 제안한다."
사회,중학교,2학년,9사(지리)09-01,농업 생산의 기업화와 세계화가 농작물 생산 지역과 소비 지역의 변화에 미친 영향을 조사한다.
사회,중학교,2학년,9사(지리)09-02,세계화에 따른 다국적 기업의 공간적 분업 체계가 생산 지역의 변화에 미친 영향을 탐구한다.
사회,중학교,2학년,9사(지리)09-03,"세계화에 따른 서비스업의 변화를 조사하고, 이러한 변화가 지역 변화와 주민 생활에 미친 영향을 평가한다."
사회,중학교,2학년,9사(지리)10-01,"전 지구적인 차원에서 발생하는 기후 변화의 원인과 그에 따른 지역 변화를 조사하고, 이를 해결하기 위한 지역적·국제적 노력을 평가한다."
사회,중학교,2학년,9사(지리)10-02,"환경 문제를 유발하는 산업이 다른 국가로 이전한 사례를 조사하고, 해당 지역 환경에 미친 영향을 분석한다."
사회,중학교,2학년,9사(지리)10-03,"생활 속의 환경 이슈를 둘러싼 다양한 의견을 비교하고, 환경 이슈에 대한 자신의 의견을 제시한다."
사회,중학교,2학년,9사(지리)11-01,"우리나라의 영역을 지도에서 파악하고, 영역으로서 독도가 지닌 가치와 중요성을 파악한다."
사회,중학교,2학년,9사(지리)11-02,"우리나라 여러 지역의 특징을 조사하고, 지역의 특색을 살리는 지역 브랜드, 장소 마케팅 등 지역화 전략을 개발한다."
사회,중학교,2학년,9사(지리)11-03,"세계 속에서 우리 국토의 위치가 갖는 중요성과 통일의 필요성을 이해하고, 통일 이후 우리 생활의 변화를 예측한다."
사회,중학교,2학년,9사(지리)12-01,"지도를 통하여 지구상의 다양한 지리적 문제를 확인하고, 그 현황과 원인을 조사한다."
사회,중학교,2학년,9사(지리)12-02,"다양한 지표를 통하여 지역별로 발전 수준이 어떻게 다른지 파악하고, 저개발 지역의 빈곤 문제를 해결하기 위한 노력을 조사한다."
사회,중학교,2학년,9사(지리)12-03,"지역 간 불평등을 완화하기 위한 국제 사회의 노력을 조사하고, 그 성과와 한계를 평가한다."
사회문화,고등학교,1학년,12사문01-01,"사회현상의 탐구를 위해 사회현상의 특징에 대한 이해와 사회학적 상상력이 필요함을 인식하고, 사회현상에 대한 다양한 관점을 비교한다."
사회문화,고등학교,1학년,12사문01-02,"사회현상에 대한 양적 연구 방법과 질적 연구 방법의 특징 및 연구 절차를 비교하고, 각 연구 방법을 활용한 연구 사례를 분석한다."
사회문화,고등학교,1학년,12사문01-03,"사회현상에 대한 다양한 자료 수집 방법의 특징을 비교하고, 각 자료 수집 방법을 활용한 연구 사례를 분석한다."
사회문화,고등학교,1학년,12사문01-04,"] 사회현상의 탐구에서 발생하는 연구자의 가치 개입 및 연구 윤리 관련 쟁점을 토론하고, 연구 윤리를 준수하며 사회현상에 대한 탐구를 수행한다."
사회문화,고등학교,1학년,12사문02-01,"사회 구조와 개인의 관계에 대한 이해를 바탕으로 개인의 사회화 과정, 사회화 기관 및 유형을 설명하고, 사회화에 대한 서로 다른 이론적 관점을 비교한다."
사회문화,고등학교,1학년,12사문02-02,사회 집단 및 사회 조직의 유형과 변화 양상에 대한 이해를 바탕으로 사회 집단 및 사회 조직이 개인의 사회생활과 사회적 관계에 미치는 영향을 설명한다.
사회문화,고등학교,1학년,12사문02-03,"일탈 행동의 발생 요인이나 특성을 설명하는 다양한 일탈 이론을 비교하고, 일탈 행동에 대한 사회 통제의 유형과 사회 통제의 필요성 및 문제점을 분석한다."
사회문화,고등학교,1학년,12사문02-04,"사회 변동이 다양한 요인의 복합적인 상호 작용의 산물이라는 점을 설명하고, 현대 사회의 변동 과정에서 나타나는 다양한 사회 운동의 유형과 특징을 탐구한다."
사회문화,고등학교,1학년,12사문03-01,"대중문화에 대한 다양한 관점을 비교하고, 일상적으로 접하는 사례를 중심으로 대중문화가 개인과 사회에 미치는 영향을 토의한다."
사회문화,고등학교,1학년,12사문03-02,하위문화의 의미를 주류 문화와의 관계 속에서 설명하고 다양한 하위문화의 특징과 기능을 분석한다.
사회문화,고등학교,1학년,12사문03-03,"하위문화와 주류 문화의 관계에 대한 이해를 바탕으로 다문화 사회의 이주민 문화에 대한 서로 다른 관점을 비교하고, 이주민 문화가 갖는 의의에 기초하여 문화 다양성을 증진하기 위한 방안을 제시한다."
사회문화,고등학교,1학년,12사문03-04,"문화 변동의 다양한 요인과 양상, 문화 변동 과정에서 발생하는 문제점을 이해하고, 문화의 세계화로 인해 나타나는 쟁점에 대해 탐구한다."
사회문화,고등학교,1학년,12사문04-01,"사회 불평등 현상을 이해하는 서로 다른 관점을 비교하고, 사회 이동과 사회 계층 구조의 유형 및 특징을 분석한다."
사회문화,고등학교,1학년,12사문04-02,"현대 사회에서 나타나는 다양한 사회 불평등 양상을 분석하고, 차별받는 사람들의 입장에 대한 공감을 바탕으로 다양한 불평등 현상에 대한 해결 방안을 모색한다."
사회문화,고등학교,1학년,12사문04-03,"복지 국가의 발전 과정에 대한 이해를 바탕으로 사회 복지 제도의 유형과 특징을 비교하고, 현대 사회에서 나타나고 있는 사회 복지를 둘러싼 쟁점을 토론한다."
사회문화,고등학교,1학년,12사문04-04,사회 복지의 의미를 설명하고 복지 제도의 유형과 역할 및 한계를 분석한다.
사회문화,고등학교,1학년,12사문05-01,사회 변동을 설명하는 다양한 이론을 비교하고 사회 운동이 사회 변동에 미치는 영향을 분석한다.
사회문화,고등학교,1학년,12사문05-02,세계화 및 정보화로 인한 변화 양상을 설명하고 관련 문제에 대처하는 방안을 모색한다.
사회문화,고등학교,1학년,12사문05-03,저출산·고령화와 다문화적 변화로 인해 대두되는 과제를 제시하고 이에 대한 대응 방안을 모색한다.
사회문화,고등학교,1학년,12사문05-04,전 지구적 수준의 문제와 그 해결 방안을 탐색하고 세계 시민으로서 지속 가능한 사회를 위해 노력하는 태도를 가진다.
수학,고등학교,1학년,10공수1-01-01,"다항식의 사칙연산의 원리를 설명하고, 그 계산을 할 수 있다."
수학,고등학교,1학년,10공수1-01-02,"항등식의 성질과 나머지정리를 이해하고, 이를 활용하여 문제를 해결할 수 있다."
수학,고등학교,1학년,10공수1-01-03,다항식의 인수분해를 할 수 있다.
수학,고등학교,1학년,10공수1-02-01,"복소수의 뜻과 성질을 설명하고, 사칙연산을 수행할 수 있다."
수학,고등학교,1학년,10공수1-02-02,"이차방정식의 실근과 허근을 이해하고, 판별식을 이용하여 이차방정식의 근을 판별할 수 있다."
수학,고등학교,1학년,10공수1-02-03,이차방정식의 근과 계수의 관계를 설명할 수 있다.
수학,고등학교,1학년,10공수1-02-04,이차방정식과 이차함수를 연결하여 그 관계를 설명할 수 있다.
수학,고등학교,1학년,10공수1-02-05,이차함수의 그래프와 직선의 위치 관계를 판단할 수 있다.
수학,고등학교,1학년,10공수1-02-06,"이차함수의 최대, 최소를 탐구하고, 이를 실생활과 연결하여 유용성을 인식할 수 있다."
수학,고등학교,1학년,10공수1-02-07,간단한 삼차방정식과 사차방정식을 풀 수 있다.
수학,고등학교,1학년,10공수1-02-08,미지수가 2개인 연립이차방정식을 풀 수 있다.
수학,고등학교,1학년,10공수1-02-09,미지수가 1개인 연립일차부등식을 풀 수 있다.
수학,고등학교,1학년,10공수1-02-10,절댓값을 포함한 일차부등식을 풀 수 있다.
수학,고등학교,1학년,10공수1-02-11,"이차부등식과 이차함수를 연결하여 그 관계를 설명하고, 이차부등식과 연립이차부등식을 풀 수 있다."
수학,고등학교,1학년,10공수1-03-01,"합의 법칙과 곱의 법칙을 이해하고, 적절한 전략을 사용하여 경우의 수와 관련된 문제를 해결할 수 있다."
수학,고등학교,1학년,10공수1-03-02,"순열의 개념을 이해하고, 순열의 수를 구하는 방법을 설명할 수 있다."
수학,고등학교,1학년,10공수1-03-03,"조합의 개념을 이해하고, 조합의 수를 구하는 방법을 설명할 수 있다."
수학,고등학교,1학년,10공수2-01-01,"선분의 내분을 이해하고, 내분점의 좌표를 계산할 수 있다."
수학,고등학교,1학년,10공수2-01-02,두 직선의 평행 조건과 수직 조건을 탐구하고 이해한다.
수학,고등학교,1학년,10공수2-01-03,"점과 직선 사이의 거리를 구하고, 관련된 문제를 해결할 수 있다."
수학,고등학교,1학년,10공수2-01-04,"원의 방정식을 구하고, 그래프를 그릴 수 있다."
수학,고등학교,1학년,10공수2-01-05,"좌표평면에서 원과 직선의 위치 관계를 판단하고, 이를 활용하여 문제를 해결할 수 있다."
수학,고등학교,1학년,10공수2-01-06,"평행이동을 탐구하고, 실생활과 연결하여 문제를 해결할 수 있다."
수학,고등학교,1학년,10공수2-01-07,"원점, x축, y축, 직선 y=x에 대한 대칭이동을 탐구하고, 실생활과 연결하여 문제를 해결할 수 있다."
수학,고등학교,1학년,10공수2-02-01,"집합의 개념을 이해하고, 집합을 표현할 수 있다."
수학,고등학교,1학년,10공수2-02-02,두 집합 사이의 포함관계를 판단할 수 있다.
수학,고등학교,1학년,10공수2-02-03,"집합의 연산을 수행하고, 벤 다이어그램을 이용하여 나타낼 수 있다."
수학,고등학교,1학년,10공수2-02-04,"명제와 조건의 뜻을 알고, ‘모든’, ‘어떤’을 포함한 명제를 이해하고 설명할 수 있다."
수학,고등학교,1학년,10공수2-02-05,명제의 역과 대우를 이해하고 설명할 수 있다.
수학,고등학교,1학년,10공수2-02-06,충분조건과 필요조건을 이해하고 판단할 수 있다.
수학,고등학교,1학년,10공수2-02-07,대우를 이용한 증명법과 귀류법을 이해하고 관련된 명제를 증명할 수 있다.
수학,고등학교,1학년,10공수2-02-08,"절대부등식의 뜻을 알고, 간단한 절대부등식을 증명할 수 있다."
수학,고등학교,1학년,10공수2-03-01,"함수의 개념을 설명하고, 그 그래프를 이해한다."
수학,고등학교,1학년,10공수2-03-02,"함수의 합성을 설명하고, 합성함수를 구할 수 있다."
수학,고등학교,1학년,10공수2-03-03,"역함수의 개념을 설명하고, 역함수를 구할 수 있다."
수학,고등학교,1학년,10공수2-03-04,"유리함수 y=(ax+b)/(cx+d)의 그래프를 그릴 수 있고, 그 그래프의 성질을 탐구할 수 있다."
수학,고등학교,1학년,10공수2-03-05,"무리함수 y=root(ax+b)+c의 그래프를 그릴 수 있고, 그 그래프의 성질을 탐구할 수 있다."
수학,고등학교,1학년,10수학01-01,다항식의 사칙연산을 할 수 있다.
수학,고등학교,1학년,10수학01-02,항등식의 성질을 이해한다.
수학,고등학교,1학년,10수학01-03,"나머지정리의 의미를 이해하고, 이를 활용하여 문제를 해결할 수 있다."
수학,고등학교,1학년,10수학01-04,다항식의 인수분해를 할 수 있다.
수학,고등학교,1학년,10수학01-05,복소수의 뜻과 성질을 이해하고 사칙연산을 할 수 있다.
수학,고등학교,1학년,10수학01-06,이차방정식의 실근과 허근의 뜻을 안다.
수학,고등학교,1학년,10수학01-07,이차방정식에서 판별식의 의미를 이해하고 이를 설명할 수 있다.
수학,고등학교,1학년,10수학01-08,이차방정식의 근과 계수의 관계를 이해한다.
수학,고등학교,1학년,10수학01-09,이차방정식과 이차함수의 관계를 이해한다.
수학,고등학교,1학년,10수학01-10,이차함수의 그래프와 직선의 위치 관계를 이해한다.
수학,고등학교,1학년,10수학01-11,"이차함수의 최대, 최소를 이해하고, 이를 활용하여 문제를 해결할 수 있다."
수학,고등학교,1학년,10수학01-12,간단한 삼차방정식과 사차방정식을 풀 수 있다.
수학,고등학교,1학년,10수학01-13,미지수가 2개인 연립이차방정식을 풀 수 있다.
수학,고등학교,1학년,10수학01-14,미지수가 1개인 연립일차부등식을 풀 수 있다.
수학,고등학교,1학년,10수학01-15,절댓값을 포함한 일차부등식을 풀 수 있다.
수학,고등학교,1학년,10수학01-16,"이차부등식과 이차함수의 관계를 이해하고, 이차부등식과 연립이차부등식을 풀 수 있다."
수학,고등학교,1학년,10수학02-01,두 점 사이의 거리를 구할 수 있다.
수학,고등학교,1학년,10수학02-02,"선분의 내분과 외분을 이해하고, 내분점과 외분점의 좌표를 구할 수 있다."
수학,고등학교,1학년,10수학02-03,직선의 방정식을 구할 수 있다.
수학,고등학교,1학년,10수학02-04,두 직선의 평행 조건과 수직 조건을 이해한다.
수학,고등학교,1학년,10수학02-05,점과 직선 사이의 거리를 구할 수 있다.
수학,고등학교,1학년,10수학02-06,원의 방정식을 구할 수 있다.
수학,고등학교,1학년,10수학02-07,좌표평면에서 원과 직선의 위치 관계를 이해한다.
수학,고등학교,1학년,10수학02-08,평행이동의 의미를 이해한다.
수학,고등학교,1학년,10수학02-09,"원점, x축, y축, 직선 y=x에 대한 대칭이동의 의미를 이해한다."
수학,고등학교,1학년,10수학03-01,"집합의 개념을 이해하고, 집합을 표현할 수 있다."
수학,고등학교,1학년,10수학03-02,두 집합 사이의 포함 관계를 이해한다.
수학,고등학교,1학년,10수학03-03,집합의 연산을 할 수 있다.
수학,고등학교,1학년,10수학03-04,"명제와 조건의 뜻을 알고, ‘모든’, ‘어떤’을 포함한 명제를 이해한다."
수학,고등학교,1학년,10수학03-05,명제의 역과 대우를 이해한다.
수학,고등학교,1학년,10수학03-06,충분조건과 필요조건을 이해하고 구별할 수 있다.
수학,고등학교,1학년,10수학03-07,대우를 이용한 증명법과 귀류법을 이해한다.
수학,고등학교,1학년,10수학03-08,"절대부등식의 의미를 이해하고, 간단한 절대부등식을 증명할 수 있다."
수학,고등학교,1학년,10수학04-01,"함수의 개념을 이해하고, 그 그래프를 이해한다."
수학,고등학교,1학년,10수학04-02,"함수의 합성을 이해하고, 합성함수를 구할 수 있다."
수학,고등학교,1학년,10수학04-03,"역함수의 의미를 이해하고, 주어진 함수의 역함수를 구할 수 있다."
수학,고등학교,1학년,10수학04-04,"유리함수 y=(ax+b)/(cx+d)의 그래프를 그릴 수 있고, 그 그래프의 성질을 이해한다."
수학,고등학교,1학년,10수학04-05,"무리함수 y=root(ax+b)+c의 그래프를 그릴 수 있고, 그 그래프의 성질을 이해한다."
수학,고등학교,1학년,10수학05-01,"합의 법칙과 곱의 법칙을 이해하고, 이를 이용하여 경우의 수를 구할 수 있다."
수학,고등학교,1학년,10수학05-02,"순열의 의미를 이해하고, 순열의 수를 구할 수 있다."
수학,고등학교,1학년,10수학05-03,"조합의 의미를 이해하고, 조합의 수를 구할 수 있다."
수학,초등학교,4학년,4수01-01,"큰 수의 필요성을 인식하면서 10000 이상의 큰 수에 대한 자릿값과 위치적 기수법을 이해하고, 수를 읽고 쓸 수 있다."
수학,초등학교,4학년,4수01-02,"다섯 자리 이상의 수의 범위에서 수의 계열을 이해하고, 수의 크기를 비교하며 그 방법을 설명할 수 있다."
수학,초등학교,3학년,4수01-03,세 자리 수의 덧셈과 뺄셈의 계산 원리를 이해하고 그 계산을 할 수 있다.
수학,초등학교,3학년,4수01-04,곱하는 수가 한 자리 수 또는 두 자리 수인 곱셈의 계산 원리를 이해하고 그 계산을 할 수 있다.
수학,초등학교,3학년,4수01-05,"나눗셈이 이루어지는 실생활 상황과 연결하여 나눗셈의 의미를 알고, 곱셈과 나눗셈의 관계를 이해한다."
수학,초등학교,3학년,4수01-06,"나누는 수가 한 자리 수인 나눗셈의 계산 원리를 이해하고 그 계산을 할 수 있으며, 나눗셈에서 몫과 나머지의 의미를 안다."
수학,초등학교,3학년,4수01-07,"나눗셈이 이루어지는 실생활 상황을 통하여 나눗셈의 의미를 알고, 곱셈과 나눗셈의 관계를 이해한다."
수학,초등학교,3학년,4수01-08,"자연수의 덧셈, 뺄셈, 곱셈, 나눗셈과 관련한 여러 가지 상황에서 어림셈을 할 수 있다."
수학,초등학교,3학년,4수01-09,"양의 등분할을 통하여 분수의 필요성을 인식하고, 분수를 이해하고 읽고 쓸 수 있다."
수학,초등학교,3학년,4수01-10,"단위분수, 진분수, 가분수, 대분수를 알고, 그 관계를 이해한다."
수학,초등학교,3학년,4수01-11,"분모가 같은 분수끼리, 단위분수끼리 크기를 비교하고 그 방법을 설명할 수 있다."
수학,초등학교,3학년,4수01-12,분모가 10인 진분수와 연결하여 소수 한 자리 수를 이해하고 읽고 쓸 수 있다.
수학,초등학교,3학년,4수01-13,분모가 10인 진분수를 통하여 소수 한 자리 수를 이해하고 읽고 쓸 수 있다.
수학,초등학교,3학년,4수01-14,소수의 크기를 비교하고 그 방법을 설명할 수 있다.
수학,초등학교,3학년,4수01-15,소수의 크기를 비교할 수 있다.
수학,초등학교,4학년,4수01-16,소수 두 자리 수의 범위에서 소수의 덧셈과 뺄셈의 계산 원리를 이해하고 그 계산을 할 수 있다.
수학,초등학교,4학년,4수01-17,소수 두 자리 수의 범위에서 소수의 덧셈과 뺄셈의 계산 원리를 이해하고 그 계산을 할 수 있다.
수학,초등학교,3학년,4수02-01,"직선, 선분, 반직선을 알고 구별할 수 있다."
수학,초등학교,3학년,4수02-02,"각과 직각을 이해하고, 직각과 비교하는 활동을 통하여 예각과 둔각을 구별할 수 있다."
수학,초등학교,4학년,4수02-03,교실 및 생활 주변에서 직각인 곳이나 서로 만나지 않는 직선을 찾는 활동을 통하여 직선의 수직 관계와 평행 관계를 이해한다.
수학,초등학교,4학년,4수02-04,"구체물이나 평면도형의 밀기, 뒤집기, 돌리기 활동을 통하여 그 변화를 이해한다."
수학,초등학교,4학년,4수02-05,평면도형의 이동을 이용하여 규칙적인 무늬를 꾸밀 수 있다.
수학,초등학교,3학년,4수02-06,"원의 중심, 반지름, 지름을 알고, 그 관계를 이해한다."
수학,초등학교,3학년,4수02-07,컴퍼스를 이용하여 여러 가지 크기의 원을 그려서 다양한 모양을 꾸밀 수 있다.
수학,초등학교,4학년,4수02-08,"여러 가지 모양의 삼각형에 대한 분류 활동을 통하여 이등변삼각형, 정삼각형을 이해한다."
수학,초등학교,3학년,4수02-09,"여러 가지 모양의 삼각형에 대한 분류 활동을 통하여 직각삼각형, 예각삼각형, 둔각삼각형을 이해한다."
수학,초등학교,3학년,4수02-10,"여러 가지 모양의 사각형에 대한 분류 활동을 통하여 직사각형, 정사각형, 사다리꼴, 평행사변형, 마름모를 알고, 그 성질을 이해한다."
수학,초등학교,4학년,4수02-11,다각형과 정다각형의 의미를 안다.
수학,초등학교,4학년,4수02-12,주어진 도형을 이용하여 여러 가지 모양을 만들거나 채울 수 있다.
수학,초등학교,3학년,4수03-01,"직선, 선분, 반직선을 이해하고 구별할 수 있다."
수학,초등학교,3학년,4수03-02,"각과 직각을 이해하고, 직각과 비교하는 활동을 통하여 예각과 둔각을 구별할 수 있다."
수학,초등학교,3학년,4수03-03,"길이를 나타내는 새로운 단위의 필요성을 인식하여 1mm와 1km의 단위를 알고, 이를 이용하여 길이를 측정하고 어림할 수 있다."
수학,초등학교,3학년,4수03-04,"1cm와 1mm, 1km와 1m의 관계를 이해하고, 길이를 단명수와 복명수로 표현할 수 있다."
수학,초등학교,3학년,4수03-05,"들이를 나타내는 표준 단위의 필요성을 인식하여 1L와 1mL의 단위를 알고, 이를 이용하여 들이를 측정하고 어림할 수 있다."
수학,초등학교,3학년,4수03-06,"원의 중심, 반지름, 지름을 이해하고, 그 성질을 안다."
수학,초등학교,3학년,4수03-07,컴퍼스를 이용하여 여러 가지 크기의 원을 그릴 수 있다.
수학,초등학교,3학년,4수03-08,"무게를 나타내는 표준 단위의 필요성을 인식하여 1g과 1kg의 단위를 알고, 이를 이용하여 무게를 측정하고 어림할 수 있다."
수학,초등학교,3학년,4수03-09,"여러 가지 모양의 삼각형에 대한 분류 활동을 통하여 직각삼각형, 예각삼각형, 둔각삼각형을 이해한다."
수학,초등학교,3학년,4수03-10,"여러 가지 모양의 사각형에 대한 분류 활동을 통하여 직사각형, 정사각형, 사다리꼴, 평행사변형, 마름모를 이해하고, 그 성질을 탐구하고 설명할 수 있다."
수학,초등학교,3학년,4수03-11,실생활 문제 상황을 통하여 무게의 덧셈과 뺄셈을 이해한다.
수학,초등학교,4학년,4수03-12,주어진 도형을 이용하여 여러 가지 모양을 만들거나 채우고 설명할 수 있다.
수학,초등학교,3학년,4수03-13,"1분과 1초의 관계를 이해하고, 초 단위까지 시각을 읽을 수 있다."
수학,초등학교,3학년,4수03-14,실생활 문제 상황과 연결하여 초 단위까지의 시간의 덧셈과 뺄셈을 할 수 있다.
수학,초등학교,3학년,4수03-15,"길이 단위 1mm와 1km를 알고, 이를 이용하여 길이를 측정하고 어림하며 수학의 유용성을 인식할 수 있다."
수학,초등학교,3학년,4수03-16,"1cm와 1mm, 1km와 1m의 관계를 이해하고, 길이를 ‘몇 cm 몇 mm’와 ‘몇 mm’, ‘몇 km 몇 m’와 ‘몇 m’로 다양하게 표현할 수 있다."
수학,초등학교,3학년,4수03-17,"들이 단위 1L와 1mL를 알고, 이를 이용하여 들이를 측정하고 어림하며 수학의 유용성을 인식할 수 있다."
수학,초등학교,3학년,4수03-18,"1L와 1mL의 관계를 이해하고, 들이를 ‘몇 L 몇 mL’와 ‘몇 mL’로 표현할 수 있다."
수학,초등학교,3학년,4수03-19,실생활 문제 상황과 연결하여 들이의 덧셈과 뺄셈을 할 수 있다.
수학,초등학교,3학년,4수03-20,"실생활에서 무게를 나타낼 때 사용하는 단위 1g과 1kg을 알고, 이를 이용하여 무게를 측정하고 어림하며 수학의 유용성을 인식할 수 있다."
수학,초등학교,3학년,4수03-21,"1kg과 1g의 관계를 이해하고, 무게를 ‘몇 kg 몇 g’과 ‘몇 g’으로 표현할 수 있다."
수학,초등학교,3학년,4수03-22,"실생활에서 무게를 나타낼 때 사용하는 단위 1t을 알고, 1t과 1kg의 관계를 이해한다."
수학,초등학교,3학년,4수03-23,실생활 문제 상황과 연결하여 무게의 덧셈과 뺄셈을 할 수 있다.
수학,초등학교,4학년,4수03-24,"각의 크기의 단위인 1도(°)를 알고, 각도기를 이용하여 각의 크기를 측정하고 어림할 수 있다."
수학,초등학교,4학년,4수03-25,"여러 가지 방법으로 삼각형과 사각형의 내각의 크기의 합을 추론하고, 자신의 추론 과정을 설명할 수 있다."
수학,초등학교,3학년,4수04-01,자료를 수집하여 그림그래프나 막대그래프로 나타내고 해석할 수 있다.
수학,초등학교,4학년,4수04-02,자료를 수집하여 꺾은선그래프로 나타내고 해석할 수 있다.
수학,초등학교,3학년,4수04-03,"탐구 문제를 해결하기 위해 자료를 수집, 정리하여 막대그래프나 꺾은선그래프로 나타내고 해석할 수 있다."
수학,초등학교,3학년,4수05-01,실생활 자료를 수집하여 간단한 그림그래프나 막대그래프로 나타낼 수 있다.
수학,초등학교,4학년,4수05-02,연속적인 변량에 대한 자료를 수집하여 꺾은선그래프로 나타낼 수 있다.
수학,초등학교,3학년,4수05-03,"여러 가지 자료를 수집, 분류, 정리하여 자료의 특성에 맞는 그래프로 나타내고, 그래프를 해석할 수 있다."
수학,초등학교,5학년,6수01-01,"덧셈, 뺄셈, 곱셈, 나눗셈의 혼합 계산에서 계산하는 순서를 알고, 혼합 계산을 할 수 있다."
수학,초등학교,5학년,6수01-02,"실생활과 연결하여 이상, 이하, 초과, 미만의 의미와 쓰임을 알고, 이를 활용하여 수의 범위를 나타낼 수 있다."
수학,초등학교,5학년,6수01-03,"어림값을 구하기 위한 방법으로 올림, 버림, 반올림의 의미와 필요성을 알고, 이를 실생활에 활용함으로써 수학의 유용성을 인식할 수 있다."
수학,초등학교,5학년,6수01-04,"약수, 공약수, 최대공약수를 이해하고 구할 수 있다."
수학,초등학교,5학년,6수01-05,"배수, 공배수, 최소공배수를 이해하고 구할 수 있다."
수학,초등학교,5학년,6수01-06,"크기가 같은 분수를 만드는 방법을 이해하고, 분수를 약분, 통분할 수 있다."
수학,초등학교,5학년,6수01-07,분모가 다른 분수의 크기를 비교하고 그 방법을 설명할 수 있다.
수학,초등학교,5학년,6수01-08,분모가 다른 분수의 덧셈과 뺄셈의 계산 원리를 탐구하고 그 계산을 할 수 있다.
수학,초등학교,5학년,6수01-09,분수의 곱셈의 계산 원리를 탐구하고 그 계산을 할 수 있다.
수학,초등학교,6학년,6수01-10,‘(자연수)/(자연수)’에서 나눗셈의 몫을 분수로 나타낼 수 있다.
수학,초등학교,6학년,6수01-11,분수의 나눗셈의 계산 원리를 탐구하고 그 계산을 할 수 있다.
수학,초등학교,5학년,6수01-12,분수와 소수의 관계를 이해하고 크기를 비교하며 그 방법을 설명할 수 있다.
수학,초등학교,5학년,6수01-13,소수의 곱셈의 계산 원리를 탐구하고 그 계산을 할 수 있다.
수학,초등학교,6학년,6수01-14,‘(자연수)/(자연수)’에서 나눗셈의 몫을 소수로 나타낼 수 있다.
수학,초등학교,5학년,6수01-15,소수의 나눗셈의 계산 원리를 탐구하고 그 계산을 할 수 있다.
수학,초등학교,5학년,6수01-16,소수의 곱셈과 나눗셈의 계산 결과를 어림할 수 있다.
수학,초등학교,5학년,6수02-01,"한 양이 변할 때 다른 양이 그에 종속하여 변하는 대응 관계를 나타낸 표에서 규칙을 찾아 설명하고, □, △ 등을 사용하여 식으로 나타낼 수 있다."
수학,초등학교,5학년,6수02-02,"합동인 두 도형에서 대응점, 대응변, 대응각을 각각 찾고, 그 성질을 이해한다."
수학,초등학교,5학년,6수02-03,선대칭도형과 점대칭도형을 이해하고 그릴 수 있다.
수학,초등학교,5학년,6수02-04,"직육면체와 정육면체를 알고, 구성 요소와 성질을 이해한다."
수학,초등학교,5학년,6수02-05,직육면체와 정육면체의 겨냥도와 전개도를 그릴 수 있다.
수학,초등학교,6학년,6수02-06,"각기둥과 각뿔을 알고, 구성 요소와 성질을 이해한다."
수학,초등학교,6학년,6수02-07,각기둥의 전개도를 그릴 수 있다.
수학,초등학교,6학년,6수02-08,"원기둥을 알고, 구성 요소, 성질, 전개도를 이해한다."
수학,초등학교,6학년,6수02-09,"원뿔과 구를 알고, 구성 요소와 성질을 이해한다."
수학,초등학교,6학년,6수02-10,쌓기나무로 만든 입체도형을 보고 사용된 쌓기나무의 개수를 구할 수 있다.
수학,초등학교,6학년,6수02-11,"쌓기나무로 만든 입체도형의 위, 앞, 옆에서 본 모양을 표현할 수 있고, 이러한 표현을 보고 입체도형의 모양을 추측할 수 있다."
수학,초등학교,5학년,6수03-01,"도형의 합동을 이해하고, 합동인 도형의 성질을 탐구하고 설명할 수 있다."
수학,초등학교,5학년,6수03-02,실생활과 연결하여 선대칭도형과 점대칭도형을 이해하고 그릴 수 있다.
수학,초등학교,5학년,6수03-03,"직육면체와 정육면체를 이해하고, 구성 요소와 성질을 탐구하고 설명할 수 있다."
수학,초등학교,5학년,6수03-04,직육면체와 정육면체의 겨냥도와 전개도를 그릴 수 있다.
수학,초등학교,5학년,6수03-05,"직사각형의 넓이를 구하는 방법을 이해하고, 이를 통하여 직사각형과 정사각형의 넓이를 구할 수 있다."
수학,초등학교,5학년,6수03-06,"평행사변형, 삼각형, 사다리꼴, 마름모의 넓이를 구하는 방법을 다양하게 추론하고, 이와 관련된 문제를 해결할 수 있다."
수학,초등학교,6학년,6수03-07,"원기둥, 원뿔, 구를 이해하고, 구성 요소와 성질을 탐구하고 설명할 수 있다."
수학,초등학교,6학년,6수03-08,"원주와 원의 넓이를 구하는 방법을 이해하고, 이를 구할 수 있다."
수학,초등학교,6학년,6수03-09,쌓기나무로 만든 입체도형을 보고 사용된 쌓기나무의 개수를 구할 수 있다.
수학,초등학교,6학년,6수03-10,"쌓기나무로 만든 입체도형의 위, 앞, 옆에서 본 모양을 표현할 수 있고, 이러한 표현을 보고 입체도형의 모양을 추측할 수 있다."
수학,초등학교,5학년,6수03-11,"평면도형의 둘레를 이해하고, 기본적인 평면도형의 둘레를 구할 수 있다."
수학,초등학교,5학년,6수03-12,"넓이 단위 1cm², 1m², 1km²를 알며, 그 관계를 이해한다."
수학,초등학교,5학년,6수03-13,"직사각형과 정사각형의 넓이를 구하는 방법을 이해하고, 이를 구할 수 있다."
수학,초등학교,5학년,6수03-14,"평행사변형, 삼각형, 사다리꼴, 마름모의 넓이를 구하는 방법을 다양하게 추론하고, 이와 관련된 문제를 해결할 수 있다."
수학,초등학교,6학년,6수03-15,"여러 가지 원 모양 물체의 원주와 지름을 측정하는 활동을 통하여, 원주율이 일정한 값임을 알고 그 근삿값을 사용할 수 있다."
수학,초등학교,6학년,6수03-16,"원주와 원의 넓이를 구하는 방법을 이해하고, 이를 구할 수 있다."
수학,초등학교,6학년,6수03-17,"직육면체와 정육면체의 겉넓이를 구하는 방법을 이해하고, 이를 구할 수 있다."
수학,초등학교,6학년,6수03-18,"부피 단위 1cm³, 1m³를 알며, 그 관계를 이해한다."
수학,초등학교,6학년,6수03-19,"직육면체와 정육면체의 부피를 구하는 방법을 이해하고, 이를 구할 수 있다."
수학,초등학교,5학년,6수04-01,"평균의 의미를 알고, 자료를 수집하여 평균을 구하고 해석할 수 있다."
수학,초등학교,6학년,6수04-02,자료를 수집하여 띠그래프나 원그래프로 나타내고 해석할 수 있다.
수학,초등학교,6학년,6수04-03,"탐구 문제를 설정하고, 그에 맞는 자료를 수집, 정리하여 적절한 그래프로 나타내고 해석할 수 있다."
수학,초등학교,5학년,6수04-04,사건이 일어날 가능성을 말로 표현하고 비교할 수 있다.
수학,초등학교,5학년,6수04-05,사건이 일어날 가능성을 수로 나타낼 수 있다.
수학,초등학교,5학년,6수05-01,"평균의 의미를 알고, 주어진 자료의 평균을 구할 수 있으며, 이를 활용할 수 있다."
수학,초등학교,6학년,6수05-02,"실생활 자료를 그림그래프로 나타내고, 이를 활용할 수 있다."
수학,초등학교,6학년,6수05-03,주어진 자료를 띠그래프와 원그래프로 나타낼 수 있다.
수학,초등학교,6학년,6수05-04,"자료를 수집, 분류, 정리하여 목적에 맞는 그래프로 나타내고, 그래프를 해석할 수 있다."
수학,초등학교,5학년,6수05-05,"실생활에서 가능성과 관련된 상황을 ‘불가능하다’, ‘~아닐 것 같다’, ‘반반이다’, ‘~일 것 같다’, ‘확실하다’ 등으로 나타낼 수 있다."
수학,초등학교,5학년,6수05-06,"가능성을 수나 말로 나타낸 예를 찾아보고, 가능성을 비교할 수 있다."
수학,초등학교,5학년,6수05-07,사건이 일어날 가능성을 수로 표현할 수 있다.
수학,중학교,1학년,9수01-01,"소인수분해의 뜻을 알고, 자연수를 소인수분해 할 수 있다."
수학,중학교,1학년,9수01-02,소인수분해를 이용하여 최대공약수와 최소공배수를 구할 수 있다.
수학,중학교,1학년,9수01-03,"다양한 상황을 이용하여 음수의 필요성을 인식하고, 양수와 음수, 정수와 유리수의 개념을 이해한다."
수학,중학교,1학년,9수01-04,정수와 유리수의 대소 관계를 판단할 수 있다.
수학,중학교,1학년,9수01-05,"정수와 유리수의 사칙계산의 원리를 이해하고, 그 계산을 할 수 있다."
수학,중학교,2학년,9수01-06,"순환소수의 뜻을 알고, 유리수와 순환소수의 관계를 설명할 수 있다."
수학,중학교,3학년,9수01-07,"제곱근의 뜻과 성질을 알고, 제곱근의 대소 관계를 판단할 수 있다."
수학,중학교,3학년,9수01-08,"무리수의 개념을 이해하고, 무리수의 유용성을 인식할 수 있다."
수학,중학교,3학년,9수01-09,실수의 대소 관계를 판단하고 설명할 수 있다.
수학,중학교,3학년,9수01-10,"근호를 포함한 식의 사칙계산의 원리를 이해하고, 그 계산을 할 수 있다."
수학,중학교,1학년,9수02-01,"다양한 상황을 문자를 사용한 식으로 나타내어 그 유용성을 인식하고, 식의 값을 구할 수 있다."
수학,중학교,1학년,9수02-02,"일차식의 덧셈과 뺄셈의 원리를 이해하고, 그 계산을 할 수 있다."
수학,중학교,1학년,9수02-03,"방정식과 그 해의 뜻을 알고, 등식의 성질을 설명할 수 있다."
수학,중학교,1학년,9수02-04,"일차방정식을 풀 수 있고, 이를 활용하여 문제를 해결할 수 있다."
수학,중학교,1학년,9수02-05,"순서쌍과 좌표를 이해하고, 그 편리함을 인식할 수 있다."
수학,중학교,1학년,9수02-06,"다양한 상황을 그래프로 나타내고, 주어진 그래프를 해석할 수 있다."
수학,중학교,1학년,9수02-07,"정비례, 반비례 관계를 이해하고, 그 관계를 표, 식, 그래프로 나타낼 수 있다."
수학,중학교,2학년,9수02-08,"지수법칙을 이해하고, 이를 이용하여 식을 간단히 할 수 있다."
수학,중학교,2학년,9수02-09,"다항식의 덧셈과 뺄셈의 원리를 이해하고, 그 계산을 할 수 있다."
수학,중학교,2학년,9수02-10,"‘(단항식)  (다항식)’, ‘(다항식)  (단항식)’과 같은 곱셈과 나눗셈의 원리를 이해하고, 그 계산을 할 수 있다."
수학,중학교,2학년,9수02-11,"부등식과 그 해의 뜻을 알고, 부등식의 성질을 설명할 수 있다."
수학,중학교,2학년,9수02-12,"일차부등식을 풀 수 있고, 이를 활용하여 문제를 해결할 수 있다."
수학,중학교,2학년,9수02-13,"미지수가 2개인 연립일차방정식을 풀 수 있고, 이를 활용하여 문제를 해결할 수 있다."
수학,중학교,2학년,9수02-14,"함수의 개념을 이해하고, 함숫값을 구할 수 있다."
수학,중학교,2학년,9수02-15,"일차함수의 개념을 이해하고, 그 그래프를 그릴 수 있다."
수학,중학교,2학년,9수02-16,"일차함수의 그래프의 성질을 이해하고, 이를 활용하여 문제를 해결할 수 있다."
수학,중학교,2학년,9수02-17,일차함수와 미지수가 2개인 일차방정식의 관계를 설명할 수 있다.
수학,중학교,2학년,9수02-18,두 일차함수의 그래프와 연립일차방정식의 관계를 설명할 수 있다.
수학,중학교,3학년,9수02-19,다항식의 곱셈과 인수분해를 할 수 있다.
수학,중학교,3학년,9수02-20,"이차방정식을 풀 수 있고, 이를 활용하여 문제를 해결할 수 있다."
수학,중학교,3학년,9수02-21,이차함수의 개념을 이해한다.
수학,중학교,3학년,9수02-22,"이차함수의 그래프를 그릴 수 있고, 그 성질을 설명할 수 있다."
수학,중학교,1학년,9수03-01,"점, 선, 면, 각을 이해하고, 실생활 상황과 연결하여 점, 직선, 평면의 위치 관계를 설명할 수 있다."
수학,중학교,1학년,9수03-02,평행선에서 동위각과 엇각의 성질을 이해하고 설명할 수 있다.
수학,중학교,1학년,9수03-03,"삼각형을 작도하고, 그 과정을 설명할 수 있다."
수학,중학교,1학년,9수03-04,"삼각형의 합동 조건을 이해하고, 이를 이용하여 두 삼각형이 합동인지 판별할 수 있다."
수학,중학교,1학년,9수03-05,다각형의 성질을 이해하고 설명할 수 있다.
수학,중학교,1학년,9수03-06,"부채꼴의 중심각과 호의 관계를 이해하고, 이를 이용하여 부채꼴의 호의 길이와 넓이를 구할 수 있다."
수학,중학교,1학년,9수03-07,"구체적인 모형이나 공학 도구를 이용하여 다면체와 회전체의 성질을 탐구하고, 이를 설명할 수 있다."
수학,중학교,1학년,9수03-08,입체도형의 겉넓이와 부피를 구할 수 있다.
수학,중학교,2학년,9수03-09,이등변삼각형의 성질을 이해하고 정당화할 수 있다.
수학,중학교,2학년,9수03-10,삼각형의 외심과 내심의 성질을 이해하고 정당화할 수 있다.
수학,중학교,2학년,9수03-11,사각형의 성질을 이해하고 정당화할 수 있다.
수학,중학교,2학년,9수03-12,"도형의 닮음의 뜻과 닮은 도형의 성질을 이해하고, 닮음비를 구할 수 있다."
수학,중학교,2학년,9수03-13,"삼각형의 닮음 조건을 이해하고, 이를 이용하여 두 삼각형이 닮음인지 판별할 수 있다."
수학,중학교,1학년,9수03-14,평행선 사이의 선분의 길이의 비를 구할 수 있다.
수학,중학교,2학년,9수03-15,피타고라스 정리를 이해하고 정당화할 수 있다.
수학,중학교,3학년,9수03-16,"삼각비의 뜻을 알고, 간단한 삼각비의 값을 구할 수 있다."
수학,중학교,3학년,9수03-17,삼각비를 활용하여 여러 가지 문제를 해결할 수 있다.
수학,중학교,3학년,9수03-18,원의 현에 관한 성질과 접선에 관한 성질을 이해하고 정당화할 수 있다.
수학,중학교,3학년,9수03-19,원주각의 성질을 이해하고 정당화할 수 있다.
수학,중학교,1학년,9수04-01,"점, 선, 면, 각을 이해하고, 점, 직선, 평면의 위치 관계를 설명할 수 있다."
수학,중학교,1학년,9수04-02,"자료를 줄기와 잎 그림, 도수분포표, 히스토그램, 도수분포다각형으로 나타내고 해석할 수 있다."
수학,중학교,1학년,9수04-03,"상대도수를 구하고, 상대도수의 분포를 표나 그래프로 나타내고 해석할 수 있다."
수학,중학교,1학년,9수04-04,"통계적 탐구 문제를 설정하고, 공학 도구를 이용하여 자료를 수집하여 분석하고, 그 결과를 해석할 수 있다."
수학,중학교,1학년,9수04-05,다각형의 성질을 이해한다.
수학,중학교,1학년,9수04-06,"부채꼴의 중심각과 호의 관계를 이해하고, 이를 이용하여 부채꼴의 넓이와 호의 길이를 구할 수 있다."
수학,중학교,1학년,9수04-07,다면체의 성질을 이해한다.
수학,중학교,1학년,9수04-08,회전체의 성질을 이해한다.
수학,중학교,1학년,9수04-09,입체도형의 겉넓이와 부피를 구할 수 있다.
수학,중학교,2학년,9수04-10,이등변삼각형의 성질을 이해하고 설명할 수 있다.
수학,중학교,2학년,9수04-11,삼각형의 외심과 내심의 성질을 이해하고 설명할 수 있다.
수학,중학교,2학년,9수04-12,사각형의 성질을 이해하고 설명할 수 있다.
수학,중학교,2학년,9수04-13,도형의 닮음의 의미와 닮은 도형의 성질을 이해한다.
수학,중학교,2학년,9수04-14,"삼각형의 닮음 조건을 이해하고, 이를 이용하여 두 삼각형이 닮음인지 판별할 수 있다."
수학,중학교,2학년,9수04-15,평행선 사이의 선분의 길이의 비를 구할 수 있다.
수학,중학교,2학년,9수04-16,피타고라스 정리를 이해하고 설명할 수 있다.
수학,중학교,3학년,9수04-17,"삼각비의 뜻을 알고, 간단한 삼각비의 값을 구할 수 있다."
수학,중학교,3학년,9수04-18,삼각비를 활용하여 여러 가지 문제를 해결할 수 있다.
수학,중학교,3학년,9수04-19,원의 현에 관한 성질과 접선에 관한 성질을 이해한다.
수학,중학교,3학년,9수04-20,원주각의 성질을 이해한다.
수학,중학교,1학년,9수05-01,"자료를 줄기와 잎 그림, 도수분포표, 히스토그램, 도수분포다각형으로 나타내고 해석할 수 있다."
수학,중학교,1학년,9수05-02,"상대도수를 구하며, 이를 그래프로 나타내고, 상대도수의 분포를 이해한다."
수학,중학교,1학년,9수05-03,공학적 도구를 이용하여 실생활과 관련된 자료를 수집하고 표나 그래프로 정리하고 해석할 수 있다.
수학,중학교,2학년,9수05-04,경우의 수를 구할 수 있다.
수학,중학교,2학년,9수05-05,"확률의 개념과 그 기본 성질을 이해하고, 확률을 구할 수 있다."
수학,중학교,3학년,9수05-06,"중앙값, 최빈값, 평균의 의미를 이해하고, 이를 구할 수 있다."
수학,중학교,3학년,9수05-07,"분산과 표준편차의 의미를 이해하고, 이를 구할 수 있다."
수학,중학교,3학년,9수05-08,"자료를 산점도로 나타내고, 이를 이용하여 상관관계를 말할 수 있다."
영어,고등학교,1학년,10공영1-01-01,말이나 글에 포함된 세부 정보를 파악한다.
영어,고등학교,1학년,10공영1-01-02,말이나 글의 주제나 요지를 파악한다.
영어,고등학교,1학년,10공영1-01-03,말이나 글의 분위기나 화자나 인물의 심정 및 의도 등을 추론한다.
영어,고등학교,1학년,10공영1-01-04,말이나 글에 나타난 일이나 사건의 논리적 관계를 파악한다.
영어,고등학교,1학년,10공영1-01-05,말이나 글에 포함된 표현의 함축적 의미를 추론한다.
영어,고등학교,1학년,10공영1-02-02,사실적 정보나 지식을 말이나 글로 전달한다.
영어,고등학교,1학년,10공영1-02-04,"자신의 생각이나 의견, 감정, 감상 등을 표현한다."
영어,고등학교,1학년,10공영1-02-05,듣거나 읽은 내용을 요약하여 말하거나 기술한다.
영어,고등학교,1학년,10영01-01,친숙한 일반적 주제에 관한 말이나 대화를 듣고 세부 정보를 파악할 수 있다.
영어,고등학교,1학년,10영01-02,친숙한 일반적 주제에 관한 말이나 대화를 듣고 주제 및 요지를 파악할 수 있다.
영어,고등학교,1학년,10영01-03,친숙한 일반적 주제에 관한 말이나 대화를 듣고 내용의 논리적 관계를 파악할 수 있다.
영어,고등학교,1학년,10영01-05,친숙한 일반적 주제에 관한 말이나 대화를 듣고 화자의 심정이나 태도를 추론할 수 있다.
영어,고등학교,1학년,10영02-01,일상생활이나 친숙한 일반적 주제에 관하여 듣거나 읽고 세부 정보를 설명할 수 있다
영어,고등학교,1학년,10영02-02,일상생활이나 친숙한 일반적 주제에 관하여 듣거나 읽고 중심 내용을 말할 수 있다.
영어,고등학교,1학년,10영02-03,일상생활이나 친숙한 일반적 주제에 관해 자신의 의견이나 감정을 표현할 수 있다.
영어,고등학교,1학년,10영02-04,일상생활이나 친숙한 일반적 주제에 관한 정보를 묻고 답할 수 있다.
영어,고등학교,1학년,10영03-01,친숙한 일반적 주제에 관한 글을 읽고 세부 정보를 파악할 수 있다.
영어,고등학교,1학년,10영03-02,친숙한 일반적 주제에 관한 글을 읽고 주제 및 요지를 파악할 수 있다.
영어,고등학교,1학년,10영03-03,친숙한 일반적 주제에 관한 글을 읽고 내용의 논리적 관계를 파악할 수 있다
영어,고등학교,1학년,10영03-04,친숙한 일반적 주제에 관한 글을 읽고 필자의 의도나 글의 목적을 파악할 수 있다.
영어,고등학교,1학년,10영03-06,친숙한 일반적 주제에 관한 글을 읽고 함축적 의미를 추론할 수 있다.
영어,고등학교,1학년,10영04-01,일상생활이나 친숙한 일반적 주제에 관하여 듣거나 읽고 세부 정보를 기록할 수 있다.
영어,고등학교,1학년,10영04-02,일상생활이나 친숙한 일반적 주제에 관하여 듣거나 읽고 간단하게 요약할 수 있다.
영어,고등학교,1학년,10영04-03,일상생활이나 친숙한 일반적 주제에 관해 자신의 의견이나 감정을 쓸 수 있다.
영어,고등학교,1학년,10영04-04,주변의 대상이나 상황을 묘사하는 글을 쓸 수 있다.
영어,고등학교,1학년,10영04-05,"간단한 서식, 이메일, 메모 등을 작성할 수 있다."
영어,고등학교,1학년,10영04-06,"일상생활이나 친숙한 일반적 주제에 관한 그림, 도표 등을 설명하는 글을 쓸 수 있다"
영어,초등학교,3학년,4영01-01,알파벳과 쉽고 간단한 단어의 소리를 듣고 식별한다.
영어,초등학교,3학년,4영01-02,알파벳 대소문자를 식별하여 읽는다.
영어,초등학교,3학년,4영01-03,"쉽고 간단한 단어, 어구, 문장을 듣고 강세, 리듬, 억양을 식별한다."
영어,초등학교,3학년,4영01-04,"소리와 철자의 관계를 이해하며 쉽고 간단한 단어, 어구, 문장을 소리 내어 읽는다."
영어,초등학교,3학년,4영01-05,"쉽고 간단한 단어, 어구, 문장의 의미를 이해한다."
영어,초등학교,3학년,4영01-06,자기 주변 주제에 관한 담화의 주요 정보를 파악한다.
영어,초등학교,3학년,4영01-07,일상생활 속의 친숙한 주제에 관한 쉽고 간단한 말이나 대화를 듣고 세부 정보를 파악할 수 있다.
영어,초등학교,3학년,4영02-01,"쉽고 간단한 단어, 어구, 문장을 강세, 리듬, 억양에 맞게 따라 말한다."
영어,초등학교,3학년,4영02-02,알파벳 대소문자를 구별하여 쓴다.
영어,초등학교,3학년,4영02-03,소리와 철자의 관계를 바탕으로 쉽고 간단한 단어를 쓴다.
영어,초등학교,3학년,4영02-04,"실물, 그림, 동작 등을 보고 쉽고 간단한 문장으로 말하거나 단어나 어구를 쓴다."
영어,초등학교,3학년,4영02-05,"자신, 주변 사람이나 사물의 소개나 묘사를 쉽고 간단한 문장으로 말하거나 보고 쓴다."
영어,초등학교,3학년,4영02-06,행동 지시를 쉽고 간단한 문장으로 말하거나 보고 쓴다.
영어,초등학교,3학년,4영02-07,일상생활 속의 친숙한 주제에 관해 쉽고 간단한 표현으로 묻거나 답할 수 있다.
영어,초등학교,3학년,4영02-08,자기 주변 주제에 관한 담화의 주요 정보를 묻거나 답한다.
영어,초등학교,3학년,4영03-01,알파벳 대소문자를 식별하여 읽을 수 있다.
영어,초등학교,3학년,4영03-02,소리와 철자의 관계를 이해하여 낱말을 읽을 수 있다.
영어,초등학교,3학년,4영03-03,"쉽고 간단한 낱말이나 어구, 문장을 따라 읽을 수 있다."
영어,초등학교,3학년,4영03-04,쉽고 간단한 낱말이나 어구를 읽고 의미를 이해할 수 있다.
영어,초등학교,4학년,4영03-05,쉽고 간단한 문장을 읽고 의미를 이해할 수 있다.
영어,초등학교,3학년,4영04-01,알파벳 대소문자를 구별하여 쓸 수 있다.
영어,초등학교,3학년,4영04-02,구두로 익힌 낱말이나 어구를 따라 쓰거나 보고 쓸 수 있다.
영어,초등학교,4학년,4영04-03,실물이나 그림을 보고 쉽고 간단한 낱말이나 어구를 쓸 수 있다.
영어,초등학교,5학년,6영01-01,두세 개의 연속된 지시나 설명을 듣고 이해할 수 있다.
영어,초등학교,5학년,6영01-02,"간단한 단어, 어구, 문장을 강세, 리듬, 억양에 맞게 소리 내어 읽는다."
영어,초등학교,5학년,6영01-03,"간단한 단어, 어구, 문장의 의미를 이해한다."
영어,초등학교,5학년,6영01-04,일상생활 주제에 관한 담화나 글의 세부 정보를 파악한다.
영어,초등학교,5학년,6영01-05,일상생활 주제에 관한 담화나 글의 중심 내용을 파악한다.
영어,초등학교,5학년,6영01-06,쉽고 간단한 말이나 대화를 듣고 목적을 파악할 수 있다.
영어,초등학교,6학년,6영01-07,쉽고 간단한 말이나 대화를 듣고 일의 순서를 파악할 수 있다.
영어,초등학교,5학년,6영02-01,"그림, 실물, 동작에 관해 한두 문장으로 표현할 수 있다."
영어,초등학교,5학년,6영02-02,"실물, 그림, 동작 등을 보고 간단한 단어, 어구, 문장으로 말하거나 쓴다."
영어,초등학교,5학년,6영02-03,주변 사람과 사물에 관해 쉽고 간단한 문장으로 묘사할 수 있다.
영어,초등학교,5학년,6영02-04,주변 사람이나 사물을 간단한 문장으로 소개하거나 묘사한다.
영어,초등학교,5학년,6영02-05,"주변 장소나 위치, 행동 순서나 방법을 간단한 문장으로 설명한다."
영어,초등학교,5학년,6영02-06,"자신의 감정이나 의견, 경험이나 계획을 간단한 문장으로 표현한다."
영어,초등학교,5학년,6영02-07,일상생활 주제에 관한 담화나 글의 세부 정보를 간단한 문장으로 묻거나 답한다.
영어,초등학교,5학년,6영02-08,예시문을 참고하여 목적에 맞는 간단한 글을 쓴다.
영어,초등학교,5학년,6영03-01,"쉽고 간단한 문장을 강세, 리듬, 억양에 맞게 소리 내어 읽을 수 있다."
영어,초등학교,5학년,6영03-02,그림이나 도표에 대한 쉽고 짧은 글을 읽고 세부 정보를 파악할 수 있다.
영어,초등학교,5학년,6영03-03,일상생활 속의 친숙한 주제에 관한 쉽고 짧은 글을 읽고 세부 정보를 파악할 수 있다.
영어,초등학교,5학년,6영03-04,쉽고 짧은 글을 읽고 줄거리나 목적 등 중심 내용을 파악할 수 있다.
영어,초등학교,5학년,6영04-01,소리와 철자의 관계를 바탕으로 쉽고 간단한 낱말이나 어구를 듣고 쓸 수 있다.
영어,초등학교,5학년,6영04-03,구두로 익힌 문장을 쓸 수 있다.
영어,초등학교,5학년,6영04-04,실물이나 그림을 보고 한두 문장으로 표현할 수 있다.
영어,초등학교,5학년,6영04-05,"예시문을 참고하여 간단한 초대, 감사, 축하 등의 글을 쓸 수 있다."
영어,중학교,1학년,9영01-01,"단어, 어구, 문장을 듣고 연음이나 축약된 소리를 식별한다."
영어,중학교,1학년,9영01-02,친숙한 주제에 관한 담화나 글에서 세부 정보를 파악한다.
영어,중학교,1학년,9영01-03,친숙한 주제에 관한 담화나 글의 중심 내용을 파악한다.
영어,중학교,1학년,9영01-04,친숙한 주제에 관한 담화나 글에서 일이나 사건의 논리적 관계를 파악한다.
영어,중학교,1학년,9영01-05,친숙한 주제에 관한 담화나 글에서 인물의 기분이나 감정을 추론한다.
영어,중학교,1학년,9영01-06,친숙한 주제에 관한 담화나 글에서 화자나 필자의 의도나 목적을 추론한다.
영어,중학교,1학년,9영01-07,"단어, 어구, 문장의 함축적 의미를 추론한다."
영어,중학교,1학년,9영01-08,적절한 전략을 활용하여 다양한 매체로 표현된 담화나 글을 듣거나 읽는다.
영어,중학교,1학년,9영01-09,다양한 관점을 존중하는 태도로 듣거나 읽는다.
영어,중학교,1학년,9영01-10,자신의 관심사에 관한 다양한 담화나 글을 선택하여 적극적으로 듣거나 읽는다.
영어,중학교,1학년,9영02-01,"연음이나 축약된 소리를 활용하여 단어, 어구, 문장을 말한다."
영어,중학교,1학년,9영02-02,대상이나 인물의 감정을 묘사한다.
영어,중학교,1학년,9영02-03,친숙한 주제에 관해 사실적 정보를 설명한다.
영어,중학교,1학년,9영02-04,친숙한 주제에 관해 경험이나 계획을 설명한다.
영어,중학교,1학년,9영02-05,친숙한 주제에 관해 일이나 사건의 논리적 관계를 설명한다.
영어,중학교,1학년,9영02-06,친숙한 주제에 관해 자신의 의견을 주장한다.
영어,중학교,1학년,9영02-07,친숙한 주제에 관해 듣거나 읽고 내용을 요약한다.
영어,중학교,1학년,9영02-08,"간단한 일기, 편지, 이메일 등의 글을 쓴다."
영어,중학교,1학년,9영02-09,적절한 매체를 활용하여 정보 윤리를 준수하며 말하거나 쓴다.
영어,중학교,1학년,9영02-10,적절한 전략을 활용하여 상황이나 목적에 맞게 말하거나 쓴다.
영어,중학교,1학년,9영02-11,상대방을 배려하는 태도로 말하거나 쓴다.
정보,고등학교,1학년,12정01-01,"유무선 네트워크의 특성을 이해하고, 컴퓨팅 시스템 간 공유, 협력, 소통을 위한 네트워크 환경을 구성한다."
정보,고등학교,1학년,12정03-01,복잡한 문제를 해결 가능한 작은 문제로 분해하고 모델링한다.
정보,중학교,공통,12정03-04,"자료형의 종류와 특성을 알고, 적합한 자료형을 선택하여 프로그램을 작성한다."
정보,중학교,공통,12정03-05,표준입출력과 파일입출력을 활용한 프로그램을 작성한다.
정보,고등학교,1학년,12정03-06,다차원 데이터 구조를 활용한 프로그램을 작성한다.
정보,고등학교,1학년,12정03-07,다양한 제어 구조를 복합적으로 활용한 프로그램을 작성한다.
정보,고등학교,1학년,12정05-01,디지털 기술이 사회에 미치는 영향력을 분석하고 발전 방향을 예측하여 진로를 설계한다.
정보,고등학교,1학년,12정05-02,"보호해야 할 정보와 공유해야 할 정보를 구분하고, 올바른 정보 보호 방법을 실천한다."
정보,고등학교,1학년,12정05-03,"정보보안의 필요성을 이해하고, 보안 기술을 활용하여 디지털 윤리를 실천한다."
정보,고등학교,1학년,12정보01-01,정보사회에서 정보과학의 지식과 기술이 활용되는 분야를 탐색하고 영향력을 평가한다.
정보,고등학교,1학년,12정보01-02,정보과학 분야의 직업과 진로를 탐색한다
정보,고등학교,1학년,12정보01-03,정보보호 제도 및 방법에 따라 올바르게 정보를 공유하는 방법을 실천한다.
정보,고등학교,1학년,12정보01-04,"정보보안의 필요성을 이해하고 암호 설정, 접근 권한 관리 등 정보보안을 실천한다."
정보,고등학교,1학년,12정보01-05,소프트웨어 저작권 보호 제도 및 방법을 알고 올바르게 활용한다.
정보,고등학교,1학년,12정보01-06,사이버 공간에서 발생하는 사회적 문제를 예방하기 위한 제도를 이해하고 사이버 윤리를 실천한다.
정보,고등학교,1학년,12정보02-01,동일한 정보가 다양한 방법으로 디지털로 변환되어 표현될 수 있음을 이해하고 정보 활용 목적에 따라 보다 효율적인 방법을 선택한다.
정보,고등학교,1학년,12정보02-02,"컴퓨팅 환경에서 생산되는 방대하고 복잡한 종류의 자료들을 수집, 분석, 활용하기 위한 컴퓨팅 기술의 역할과 중요성을 이해한다"
정보,고등학교,1학년,12정보02-03,"인터넷, 응용 소프트웨어 등 컴퓨팅 도구를 활용하여 문제 해결을 위한 자료를 수집하고 분석한다."
정보,고등학교,1학년,12정보02-04,정보를 관리하는 데 적합한 컴퓨팅 도구를 선택하고 이를 활용하여 정보를 체계적으로 관리한다.
정보,고등학교,1학년,12정보03-01,"복잡한 문제 상황에서 문제의 현재 상태, 목표 상태를 이해하고 목표 상태에 도달하기 위해 수행해야 할 작업을 분석한다."
정보,고등학교,1학년,12정보03-02,복잡한 문제 상황에서 문제 해결에 불필요한 요소를 제거하거나 필요한 요소를 추출한다.
정보,고등학교,1학년,12정보03-03,복잡하고 어려운 문제를 해결 가능한 작은 단위의 문제로 분해하고 모델링 한다.
정보,고등학교,1학년,12정보03-04,"순차 구조, 선택 구조, 반복 구조 등의 제어 구조를 활용하여 논리적이고 효율적인 알고리즘을 설계한다."
정보,고등학교,1학년,12정보03-05,다양한 알고리즘의 성능을 수행시간의 관점에서 분석하고 비교한다.
정보,고등학교,1학년,12정보04-01,텍스트 기반 프로그래밍 언어의 개발 환경 및 특성을 이해한다.
정보,고등학교,1학년,12정보04-02,자료형에 적합한 변수를 정의하고 이를 활용한 프로그램을 작성한다.
정보,고등학교,1학년,12정보04-03,다양한 연산자를 활용한 프로그램을 작성한다.
정보,고등학교,1학년,12정보04-04,표준입출력과 파일입출력을 활용한 프로그램을 작성한다.
정보,고등학교,1학년,12정보04-05,"순차, 선택, 반복 구조를 활용한 프로그램을 작성한다."
정보,고등학교,1학년,12정보04-06,중첩 제어 구조를 활용한 프로그램을 작성한다.
정보,고등학교,1학년,12정보04-07,배열의 개념을 이해하고 배열을 활용한 프로그램을 작성한다.
정보,고등학교,1학년,12정보04-08,함수의 개념을 이해하고 함수를 활용한 프로그램을 작성한다.
정보,고등학교,1학년,12정보04-09,다양한 학문 분야의 문제 해결을 위한 알고리즘을 협력하여 설계한다.
정보,고등학교,1학년,12정보04-10,다양한 학문 분야의 문제 해결을 위해 설계한 알고리즘을 프로그램으로 구현하고 효율성을 비교·분석한다.
정보,고등학교,1학년,12정보05-01,운영체제의 개념과 기능을 이해하고 운영체제를 활용하여 컴퓨팅 시스템의 자원을 효율적으로 관리한다.
정보,고등학교,1학년,12정보05-02,유무선 네트워크의 특성을 이해하고 사용하는 컴퓨팅 시스템의 네트워크 환경을 설정한다.
정보,고등학교,1학년,12정보05-03,문제 해결에 적합한 하드웨어를 선택하여 컴퓨팅 장치를 구성한다.
정보,고등학교,1학년,12정보05-04,피지컬 컴퓨팅 장치의 동작을 제어하기 위한 프로그램을 작성한다.
정보,중학교,공통,9정01-01,"컴퓨팅 시스템의 구성요소와 동작 원리를 이해하고, 운영 체제의 기능을 분석한다."
정보,중학교,공통,9정01-02,"피지컬 컴퓨팅의 개념을 이해하고, 생활 속에서 적용된 사례 조사를 통해 컴퓨팅 시스템의 필요성과 가치를 판단한다."
정보,중학교,공통,9정01-03,문제 해결 목적에 맞는 피지컬 컴퓨팅 구성요소를 선택하여 시스템을 구상한다.
정보,중학교,공통,9정02-01,"실생활의 데이터가 디지털 형태로 변환되어 활용되는 긍정적 가치를 탐색하고, 다양한 데이터를 디지털 형태로 표현한다."
정보,중학교,공통,9정02-02,"문제 해결에 적합한 데이터를 수집하고, 목적에 맞게 구분하여 관리한다."
정보,중학교,공통,9정02-03,"실생활의 데이터를 표, 다이어그램 등 다양한 형태로 구조화한다."
정보,고등학교,1학년,9정02-04,"사례를 중심으로 데이터 간의 관계를 파악하고, 데이터에 기반하여 의미를 해석한다."
정보,고등학교,1학년,9정02-05,여러 학문 분야의 사례를 중심으로 데이터를 수집 분석하여 융합적으로 문제를 해결한다.
정보,중학교,공통,9정03-01,문제의 상태를 정의하고 수행 가능한 형태로 구조화한다.
정보,중학교,공통,9정03-02,"문제 해결을 위한 추상화의 중요성을 이해하고, 핵심요소를 중심으로 알고리즘을 표현한다."
정보,중학교,공통,9정03-03,"알고리즘의 중요성을 이해하고, 문제를 해결하는 다양한 알고리즘을 비교 분석한다."
정보,중학교,공통,9정03-04,사례를 중심으로 문제 해결에 적합한 전략을 선택하여 알고리즘을 설계한다.
정보,중학교,공통,9정03-05,데이터를 순차적으로 저장할 수 있는 구조를 활용하여 문제 해결 프로그램을 작성한다.
정보,중학교,공통,9정03-06,논리 연산과 중첩 제어 구조를 활용하여 문제를 해결하는 프로그램을 작성한다.
정보,고등학교,1학년,9정03-07,"프로그램 작성에서 함수를 활용하고, 프로그램 수행 결과를 디버거로 분석하여 오류를 수정한다."
정보,중학교,공통,9정04-01,인공지능의 개념과 특성을 설명하고 인공지능 소프트웨어를 구별한다.
정보,중학교,공통,9정04-02,"인공지능 학습에서 데이터의 중요성을 이해하고, 학습에 필요한 데이터를 수집하여 분류한다."
정보,중학교,공통,9정04-03,다양한 데이터를 활용하여 인공지능 시스템을 구성하고 적용한다.
정보,중학교,공통,9정04-04,"인공지능 시스템으로 해결 가능한 문제를 발견하고, 문제 해결에 적합한 인공지능 시스템을 적용한다."
정보,중학교,공통,9정04-05,인공지능 학습에 필요한 데이터의 수집과 활용에서 발생하는 윤리적인 문제의 해결 방안을 구상한다.
정보,중학교,공통,9정05-01,"디지털 사회의 특성을 탐구하고, 사회 변화에 따른 직업의 변화를 탐구한다."
정보,중학교,공통,9정05-02,디지털 사회의 구성원으로서 편리하고 안전한 생활을 위한 규칙에 대해 민주적으로 논의하고 실천 방안을 수립한다.
정보,중학교,공통,9정05-03,사례를 중심으로 디지털 공간에서 함께 살아가기 위해 개인 정보 및 권리와 저작권을 보호하는 실천 방법을 탐구한다.
